FID,Nr ewid,Nazwa,Centrala,Stanowisko,Rodzaj,Województwo,Powiat,Gmina,Miejscowość,Adres,Kod pocztowy,Długość geo.,Szerokość geo.,x,y
1,1235001,JRG Żory,324345427,324345438,JRG,ŚLĄSKIE,Żory,Żory,Żory,Ogniowa 10,44-240,18.6732805556,50.050525,18.6732805556,50.050525
2,741001,JRG Żuromin,236572398,236572398,JRG,MAZOWIECKIE,żuromiński,Żuromin,Żuromin,Warszawska 25,09-300,19.9122305556,53.0647583333,19.9122305556,53.0647583333
3,742001,JRG Żyrardów,468553549,468556125,JRG,MAZOWIECKIE,żyrardowski,Żyrardów,Żyrardów,1-go Maja 61B,96-300,20.4335583333,52.059675,20.4335583333,52.059675
4,1236001,JRG Żywiec,338630400,338630400,JRG,ŚLĄSKIE,żywiecki,Żywiec,Żywiec,Objazdowa 2,34-300,19.1883194444,49.6824388889,19.1883194444,49.6824388889
5,306001,JRG 1 Chełm,825653428 wew.: 82565,825604850 wew.: 82560,JRG,LUBELSKIE,Chełm,Chełm,Chełm,Prym. S. Wyszyńskiego 2B,22-100,23.4950583333,51.1272472222,23.4950583333,51.1272472222
6,211001,JRG 1 Inowrocław, ,477513400,JRG,KUJAWSKO-POMORSKIE,inowrocławski,Inowrocław (gmina miejska),Inowrocław,Poznańska 133,88-100,18.2582833333,52.7800833333,18.2582833333,52.7800833333
7,805001,JRG 1 Kędzierzyn-Koźle,478626541,478616510,JRG,OPOLSKIE,kędzierzyńsko-kozielski,Kędzierzyn-Koźle,Kędzierzyn-Koźle,Mostowa 33,47-223,18.2436222222,50.3120666667,18.2436222222,50.3120666667
8,301001,JRG 1 Lublin,815351330,815351330,JRG,LUBELSKIE,Lublin,Lublin,Lublin,Antoniego Szczerbowskiego 6,20-012,22.5555555556,51.2394444444,22.5555555556,51.2394444444
9,913001,JRG 1 Mielec,177800970,177800998,JRG,PODKARPACKIE,mielecki,Mielec (gmina miejska),Mielec,Sienkiewicza 54,39-300,21.4241833333,50.2924666667,21.4241833333,50.2924666667
10,1501001,JRG 1 Poznań,612220410 wew.: 20410,477716414 wew.: 6414,JRG,WIELKOPOLSKIE,Poznań,Poznań,Poznań,Wolnica 1,61-764,16.9328333333,52.4108055556,16.9328333333,52.4108055556
11,618001,JRG 1 Tarnów,478314115,478314111,JRG,MAŁOPOLSKIE,Tarnów,Tarnów,Tarnów,Klikowska 39,33-100,20.9738805556,50.0217,20.9738805556,50.0217
12,125001,JRG 1 Wałbrzych,748877213,748877213,JRG,DOLNOŚLĄSKIE,Wałbrzych,Wałbrzych,Wałbrzych,Przemysłowa 1,58-300,16.2780555556,50.7641666667,16.2780555556,50.7641666667
13,306002,JRG 2 Chełm,825653428 wew.: 82565,825604850 wew.: 82560,JRG,LUBELSKIE,Chełm,Chełm,Chełm,Okszowska 9,22-100,23.4829694444,51.1428972222,23.4829694444,51.1428972222
14,211002,JRG 2 Inowrocław, ,477513400,JRG,KUJAWSKO-POMORSKIE,inowrocławski,Inowrocław (gmina miejska),Inowrocław,M.Skłodowskiej-Curie  62,88-100,18.2726138889,52.8049638889,18.2726138889,52.8049638889
15,805002,JRG 2 Kędzierzyn-Koźle,478616521,478616510,JRG,OPOLSKIE,kędzierzyńsko-kozielski,Kędzierzyn-Koźle,Kędzierzyn-Koźle,Kraszewskiego 12,47-200,18.1406138889,50.3344861111,18.1406138889,50.3344861111
16,301002,JRG 2 Lublin,817445906,817445906,JRG,LUBELSKIE,Lublin,Lublin,Lublin,Zemborzycka 94,20-445,22.5666666667,51.2063888889,22.5666666667,51.2063888889
17,913002,JRG 2 Mielec,177800960,177800960,JRG,PODKARPACKIE,mielecki,Mielec (gmina miejska),Mielec,Wojska Polskiego 3,39-300,21.4588555556,50.3069138889,21.4588555556,50.3069138889
18,1501002,JRG 2 Poznań,612220420 wew.: 20420,477716421 wew.: 6421,JRG,WIELKOPOLSKIE,Poznań,Poznań,Poznań,Grunwaldzka 16a,60-782,16.9023611111,52.4053611111,16.9023611111,52.4053611111
19,618002,JRG 2 Tarnów, ,478314120,JRG,MAŁOPOLSKIE,Tarnów,Tarnów,Tarnów,Błonie 2A,33-100,21.0106,50.0357194444,21.0106,50.0357194444
20,125002,JRG 2 Wałbrzych,748877220,748877220,JRG,DOLNOŚLĄSKIE,Wałbrzych,Wałbrzych,Wałbrzych,Ogrodowa 20,58-306,16.285,50.8188888889,16.285,50.8188888889
21,301003,JRG 3 Lublin,817462072,817462072,JRG,LUBELSKIE,Lublin,Lublin,Lublin,Antoniny Grygowej 8,20-234,22.6377777778,51.2388888889,22.6377777778,51.2388888889
22,1501003,JRG 3 Poznań,612220430 wew.: 20430,477716431 wew.: 6431,JRG,WIELKOPOLSKIE,Poznań,Poznań,Poznań,Warszawska 349,61-057,17.0352222222,52.4083611111,17.0352222222,52.4083611111
23,301004,JRG 4 Lublin,817474930,817474930,JRG,LUBELSKIE,Lublin,Lublin,Lublin,Stanisława Węglarza 4,20-147,22.5772222222,51.2705555556,22.5772222222,51.2705555556
24,1501004,JRG 4 Poznań,612220440 wew.: 20440,477716441 wew.: 6441,JRG,WIELKOPOLSKIE,Poznań,Poznań,Poznań,Stefanii Wojtulanis-Karpińskiej 7,60-406,16.8454444444,52.4249166667,16.8454444444,52.4249166667
25,1501005,JRG 5 Poznań,612220450 wew.: 20450,477716451 wew.: 6451,JRG,WIELKOPOLSKIE,Poznań,Poznań,Poznań,Bolesława Chrobrego 122,60-681,16.9115277778,52.4505833333,16.9115277778,52.4505833333
26,1501006,JRG 6 Poznań,612220460 wew.: 20460,477716461 wew.: 6461,JRG,WIELKOPOLSKIE,Poznań,Poznań,Poznań,Rudzka 1,61-323,16.9869722222,52.3435277778,16.9869722222,52.3435277778
27,1501007,JRG 7 Poznań,612220470 wew.: 20470,477716471 wew.: 6471,JRG,WIELKOPOLSKIE,Poznań,Poznań,Poznań,Bobrzańska 6,61-248,16.9670277778,52.3863888889,16.9670277778,52.3863888889
28,1502001,JRG 8 Bolechowo,612220480 wew.: 20480,477716481 wew.: 6481,JRG,WIELKOPOLSKIE,poznański,Czerwonak,Bolechowo,Obornicka 1,62-005,16.9743611111,52.5495833333,16.9743611111,52.5495833333
29,1502002,JRG 9 Mosina,612220490 wew.: 20490,477716491 wew.: 6491,JRG,WIELKOPOLSKIE,poznański,Mosina,Mosina,Śremska 87,62-050,16.8484083333,52.2414083333,16.8484083333,52.2414083333
30,203001,JRG Aleksandrów Kujawski, ,477513001,JRG,KUJAWSKO-POMORSKIE,aleksandrowski,Aleksandrów Kujawski (gmina miejska),Aleksandrów Kujawski,Halinowo 2a,87-700,18.7075361111,52.8646388889,18.7075361111,52.8646388889
31,620001,JRG Andrychów,338756334,478317680,JRG,MAŁOPOLSKIE,wadowicki,Andrychów,Andrychów,Krakowska 89,34-120,19.3317944444,49.8556611111,19.3317944444,49.8556611111
32,1003001,JRG Augustów,477118010,477118001,JRG,PODLASKIE,augustowski,Augustów (gmina miejska),Augustów,Brzostowskiego 2,16-300,22.9901638889,53.8391777778,22.9901638889,53.8391777778
33,1403001,JRG Bartoszyce,477329140,477329140,JRG,WARMIŃSKO-MAZURSKIE,bartoszycki,Bartoszyce (gmina miejska),Bartoszyce,Bema 36,11-200,20.8025861111,54.2622055556,20.8025861111,54.2622055556
34,503001,JRG Bełchatów,446338200,446338201,JRG,ŁÓDZKIE,bełchatowski,Bełchatów (gmina miejska),Bełchatów,Wspólna 7,97-400,19.3941305556,51.3705,19.3941305556,51.3705
35,302001,JRG Bełżyce,815172291,815172291,JRG,LUBELSKIE,lubelski,Bełżyce,Bełżyce,ks. bp. Tomasza Wilczyńskiego 7,24-200,22.2811111111,51.1711111111,22.2811111111,51.1711111111
36,1202001,JRG Będzin,478517023,478517021,JRG,ŚLĄSKIE,będziński,Będzin,Będzin,Modrzejowska 74,42-500,19.1322194444,50.3194388889,19.1322194444,50.3194388889
37,303001,JRG Biała Podlaska,833447251,606625568,JRG,LUBELSKIE,Biała Podlaska,Biała Podlaska,Biała Podlaska,Sidorska 93,21-500,23.157425,52.023675,23.157425,52.023675
38,703001,JRG Białobrzegi,486132336,486132281,JRG,MAZOWIECKIE,białobrzeski,Białobrzegi,Białobrzegi,Mikołaja Kopernika 4,26-800,20.9557638889,51.6444,20.9557638889,51.6444
39,1602001,JRG Białogard,943120323,943120320,JRG,ZACHODNIOPOMORSKIE,białogardzki,Białogard (gmina miejska),Białogard,Szosa Połczyńska 1,78-200,15.9953416667,53.9981138889,15.9953416667,53.9981138889
40,1004001,JRG Bielsk Podlaski,477118051,477118051,JRG,PODLASKIE,bielski,Bielsk Podlaski (gmina miejska),Bielsk Podlaski,Poniatowskiego 11,17-100,23.1944444444,52.7666666667,23.1944444444,52.7666666667
41,305001,JRG Biłgoraj,846880010,846880012,JRG,LUBELSKIE,biłgorajski,Biłgoraj (gmina miejska),Biłgoraj,Gen. H. Dąbrowskiego 10,23-400,22.7174666667,50.5345916667,22.7174666667,50.5345916667
42,1402001,JRG Biskupiec,477319262,477319262,JRG,WARMIŃSKO-MAZURSKIE,olsztyński,Biskupiec,Biskupiec,Sądowa 6,11-300,20.9561277778,53.8611777778,20.9561277778,53.8611777778
43,702001,JRG Błonie, ,227255111,JRG,MAZOWIECKIE,warszawski zachodni,Błonie,Błonie,Lesznowska 20a,05-870,20.6136194444,52.2058083333,20.6136194444,52.2058083333
44,603001,JRG Bochnia,478314200,478314213,JRG,MAŁOPOLSKIE,bocheński,Bochnia (gmina miejska),Bochnia,Ks. Józefa Poniatowskiego 7,32-700,20.4379166667,49.9759972222,20.4379166667,49.9759972222
45,129001,JRG Bogatynia,757732940, ,JRG,DOLNOŚLĄSKIE,zgorzelecki,Bogatynia,Bogatynia,Żołnierzy II Armii Wojska Polskiego 4,59-920,14.9605694444,50.9028888889,14.9605694444,50.9028888889
46,103001,JRG Bolesławiec,756443317,756443317,JRG,DOLNOŚLĄSKIE,bolesławiecki,Bolesławiec (gmina miejska),Bolesławiec,Wesoła 2,59-700,15.5580555556,51.2652777778,15.5580555556,51.2652777778
47,1404001,JRG Braniewo, ,477329195,JRG,WARMIŃSKO-MAZURSKIE,braniewski,Braniewo (gmina miejska),Braniewo,Pl. Strażacki 2,14-500,19.8240166667,54.3834861111,19.8240166667,54.3834861111
48,204001,JRG Brodnica, ,477513100,JRG,KUJAWSKO-POMORSKIE,brodnicki,Brodnica (gmina miejska),Brodnica,Sienkiewicza 23,87-300,19.3959444444,53.2586944444,19.3959444444,53.2586944444
49,803001,JRG Brzeg,478616301, ,JRG,OPOLSKIE,brzeski,Brzeg,Brzeg,Saperska 16,49-300,17.4958194444,50.8497833333,17.4958194444,50.8497833333
50,604001,JRG Brzesko, ,146865010,JRG,MAŁOPOLSKIE,brzeski,Brzesko,Brzesko,Solskiego 16,32-800,20.616,49.9742777778,20.616,49.9742777778
51,524001,JRG Brzeziny,468752731,468752732,JRG,ŁÓDZKIE,brzeziński,Brzeziny (gmina miejska),Brzeziny,Waryńskiego 55,95-060,19.7498833333,51.8193333333,19.7498833333,51.8193333333
52,903001,JRG Brzozów,134341141 wew.: 10,134341141 wew.: 20,JRG,PODKARPACKIE,brzozowski,Brzozów,Brzozów,Mickiewicza 1,36-200,22.0227777778,49.6967777778,22.0227777778,49.6967777778
53,1303001,JRG Busko Zdrój, ,478018100,JRG,ŚWIĘTOKRZYSKIE,buski,Busko-Zdrój,Busko Zdrój,Waryńskiego 29a,28-100,20.7035166667,50.4594888889,20.7035166667,50.4594888889
54,302002,JRG Bychawa,815660088,815660001,JRG,LUBELSKIE,lubelski,Bychawa,Bychawa,Armii Krajowej 2,23-100,22.5341666667,51.0122222222,22.5341666667,51.0122222222
55,111001,JRG Bystrzyca Kłodzka,748115400,748115400,JRG,DOLNOŚLĄSKIE,kłodzki,Bystrzyca Kłodzka,Bystrzyca Klodzka,Mickiewicza 1,57-500,16.6472,50.2992222222,16.6472,50.2992222222
56,1205001,JRG Bytom,478510200,478510200,JRG,ŚLĄSKIE,Bytom,Bytom,Bytom,Łużycka 21,41-902,18.8958444444,50.3561305556,18.8958444444,50.3561305556
57,1102001,JRG Bytów,477418010,477418010,JRG,POMORSKIE,bytowski,Bytów,Bytów,Gen. Józefa Wybickiego 9,77-100,17.4938416667,54.184975,17.4938416667,54.184975
58,207001,JRG Chełmno, ,477513201,JRG,KUJAWSKO-POMORSKIE,chełmiński,Chełmno (gmina miejska),Chełmno,Łunawska 3a,86-200,18.4488916667,53.3513888889,18.4488916667,53.3513888889
59,202001,JRG Chełmża, ,477512690,JRG,KUJAWSKO-POMORSKIE,toruński,Chełmża (gmina miejska),Chełmża,Sądowa 2 a,87-140,18.6090361111,53.1846027778,18.6090361111,53.1846027778
60,1503001,JRG Chodzież,600825038,477717010,JRG,WIELKOPOLSKIE,chodzieski,Chodzież (gmina miejska),Chodzież,Marcinkowskiego 6,64-800,16.9136111111,52.9886111111,16.9136111111,52.9886111111
61,1103001,JRG Chojnice,523956410,523956410,JRG,POMORSKIE,chojnicki,Chojnice (gmina miejska),Chojnice,Gdańska 51,89-600,17.5824,53.6981583333,17.5824,53.6981583333
62,113001,JRG Chojnów,767522112, ,JRG,DOLNOŚLĄSKIE,legnicki,Chojnów (gmina miejska),Chojnów,Fabryczna 11,59-225,15.9429777778,51.2787666667,15.9429777778,51.2787666667
63,1206001,JRG Chorzów,478510300,478510311,JRG,ŚLĄSKIE,Chorzów,Chorzów,Chorzów,Katowicka 123,41-500,18.9512861111,50.3030888889,18.9512861111,50.3030888889
64,1603001,JRG Choszczno,957689800,957689810,JRG,ZACHODNIOPOMORSKIE,choszczeński,Choszczno,Choszczno,Bolesława Chrobrego 6,73-200,15.4192222222,53.1663638889,15.4192222222,53.1663638889
65,605001,JRG Chrzanów,478314500,478314513,JRG,MAŁOPOLSKIE,chrzanowski,Chrzanów,Chrzanów,Ks.Skorupki 3,32-500,19.3991583333,50.1459194444,19.3991583333,50.1459194444
66,704001,JRG Ciechanów,236724883,236712855,JRG,MAZOWIECKIE,ciechanowski,Ciechanów (gmina miejska),Ciechanów,Płocka 32,06-400,20.5988888889,52.8688888889,20.5988888889,52.8688888889
67,203002,JRG Ciechocinek, ,477513001,JRG,KUJAWSKO-POMORSKIE,aleksandrowski,Ciechocinek,Ciechocinek,Strażacka 1,87-720,18.7867527778,52.878575,18.7867527778,52.878575
68,1207001,JRG Cieszyn,338521106,478517191,JRG,ŚLĄSKIE,cieszyński,Cieszyn,Cieszyn,Chemików 16,43-400,18.6001305556,49.7833666667,18.6001305556,49.7833666667
69,1504001,JRG Czarnków, ,477717113,JRG,WIELKOPOLSKIE,czarnkowsko-trzcianecki,Czarnków (gmina miejska),Czarnków,Ogrodowa 1,64-700,16.56165,52.9023083333,16.56165,52.9023083333
70,1104001,JRG Człuchów,598345308,598345230,JRG,POMORSKIE,człuchowski,Człuchów (gmina miejska),Człuchów,Stefana Batorego 10,77-300,17.3563888889,53.6686111111,17.3563888889,53.6686111111
71,1210001,JRG Dąbrowa Górnicza, ,322642813,JRG,ŚLĄSKIE,Dąbrowa Górnicza,Dąbrowa Górnicza,Dąbrowa Górnicza,Podlesie 2,41-303,19.2237138889,50.3240166667,19.2237138889,50.3240166667
72,606001,JRG Dąbrowa Tarnowska,478314600,478314613,JRG,MAŁOPOLSKIE,dąbrowski,Dąbrowa Tarnowska,Dąbrowa Tarnowska,Żabieńska 20,33-200,20.9777055556,50.1658888889,20.9777055556,50.1658888889
73,1604001,JRG Drawsko Pomorskie,943632061,943630100,JRG,ZACHODNIOPOMORSKIE,drawski,Drawsko Pomorskie,Drawsko Pomorskie,Plac Marii Konopnickiej 1,78-500,15.8155638889,53.5302638889,15.8155638889,53.5302638889
74,1405001,JRG Działdowo, ,477329203,JRG,WARMIŃSKO-MAZURSKIE,działdowski,Działdowo (gmina miejska),Działdowo,Marii Curie Skłodowskiej 10,13-200,20.1755722222,53.2327888889,20.1755722222,53.2327888889
75,104001,JRG Dzierżoniów, ,748325392,JRG,DOLNOŚLĄSKIE,dzierżoniowski,Dzierżoniów (gmina miejska),Dzierżoniów,Piłsudskiego 26,58-200,16.6486111111,50.7324333333,16.6486111111,50.7324333333
76,1408001,JRG Ełk,477329300 wew.: 911,477329320,JRG,WARMIŃSKO-MAZURSKIE,ełcki,Ełk (gmina miejska),Ełk,Suwalska 50,19-300,22.3792777778,53.8309,22.3792777778,53.8309
77,705001,JRG Garwolin,256822288 wew.: 24,256822289 wew.: 20,JRG,MAZOWIECKIE,garwoliński,Garwolin (gmina miejska),Garwolin,Targowa 2A,08-400,21.6165722222,51.8915833333,21.6165722222,51.8915833333
78,1409001,JRG Giżycko,477329350,477329350,JRG,WARMIŃSKO-MAZURSKIE,giżycki,Giżycko (gmina miejska),Giżycko,Białostocka 2,11-500,21.7832333333,54.0359861111,21.7832333333,54.0359861111
79,1211001,JRG Gliwice,478510660,478510610,JRG,ŚLĄSKIE,Gliwice,Gliwice,Gliwice,Wrocławska 1,44-100,18.6743666667,50.2922166667,18.6743666667,50.2922166667
80,1211002,JRG Gliwice Łabędy,478510670,478510610,JRG,ŚLĄSKIE,Gliwice,Gliwice,Gliwice Łabędy,Mechaników 3,44-109,18.6166722222,50.3542944444,18.6166722222,50.3542944444
81,105001,JRG Głogów,768357710,768357710,JRG,DOLNOŚLĄSKIE,głogowski,Głogów (gmina miejska),Głogów,Sikorskiego 55,67-200,16.0579583333,51.6635305556,16.0579583333,51.6635305556
82,804001,JRG Głubczyce,478616400,478616410,JRG,OPOLSKIE,głubczycki,Głubczyce,Głubczyce,ks. Hugona Kołłątaja 4,48-100,17.8321111111,50.1951388889,17.8321111111,50.1951388889
83,809001,JRG Głuchołazy,478616955,478616954,JRG,OPOLSKIE,nyski,Głuchołazy,Głuchołazy,Grunwaldzka 4a,48-340,17.3885583333,50.3205583333,17.3885583333,50.3205583333
84,1505001,JRG Gniezno,477717200 wew.: 7200,477717238 wew.: 7238,JRG,WIELKOPOLSKIE,gnieźnieński,Gniezno (gmina miejska),Gniezno,B. Chrobrego 22,62-200,17.6059888889,52.5316305556,17.6059888889,52.5316305556
85,1605001,JRG Goleniów,914317900,914317917,JRG,ZACHODNIOPOMORSKIE,goleniowski,Goleniów,Goleniów,Gen. Władysława Andersa 8,72-100,14.830525,53.5593388889,14.830525,53.5593388889
86,208001,JRG Golub-Dobrzyń, ,477513300,JRG,KUJAWSKO-POMORSKIE,golubsko-dobrzyński,Golub-Dobrzyń (gmina miejska),Golub Dobrzyń,Lipnowska 9,87-400,19.0484194444,53.0980527778,19.0484194444,53.0980527778
87,1420001,JRG Gołdap,876156111 wew.: 911,876156131 wew.: 931,JRG,WARMIŃSKO-MAZURSKIE,gołdapski,Gołdap,Gołdap,Wojska Polskiego 19,19-500,22.29745,54.2988861111,22.29745,54.2988861111
88,607001,JRG Gorlice,478314300,478314313,JRG,MAŁOPOLSKIE,gorlicki,Gorlice (gmina miejska),Gorlice,11 Listopada 84,38-300,21.1658333333,49.6708333333,21.1658333333,49.6708333333
89,706001,JRG Gostynin,242360200,242360200,JRG,MAZOWIECKIE,gostyniński,Gostynin (gmina miejska),Gostynin,Przemysłowa 1,09-500,19.4651666667,52.4400472222,19.4651666667,52.4400472222
90,1506001,JRG Gostyń, ,477717315,JRG,WIELKOPOLSKIE,gostyński,Gostyń,Gostyń,Wrocławska 247,63-800,17.0109083333,51.8734083333,17.0109083333,51.8734083333
91,106001,JRG Góra,601507908,655432874,JRG,DOLNOŚLĄSKIE,górowski,Góra,Góra,Wincentego Witosa 22,56-200,16.5374166667,51.6801722222,16.5374166667,51.6801722222
92,1005001,JRG Grajewo,477118102,477118101,JRG,PODLASKIE,grajewski,Grajewo (gmina miejska),Grajewo,Wojska Polskiego 74,19-203,22.4697222222,53.6397777778,22.4697222222,53.6397777778
93,803002,JRG Grodków,478616301,478616330,JRG,OPOLSKIE,brzeski,Grodków,Grodków,Słowackiego 1,49-200,17.3806416667,50.6983472222,17.3806416667,50.6983472222
94,707001,JRG Grodzisk Mazowiecki,227555237,227555237,JRG,MAZOWIECKIE,grodziski,Grodzisk Mazowiecki,Grodzisk Mazowiecki,Żydowska 7,05-825,20.6237222222,52.1137694444,20.6237222222,52.1137694444
95,1507001,JRG Grodzisk Wielkopolski, ,477717410,JRG,WIELKOPOLSKIE,grodziski,Grodzisk Wielkopolski,Grodzisk Wielkopolski,Rakoniewicka 31,62-065,16.3641666667,52.2180555556,16.3641666667,52.2180555556
96,708001,JRG Grójec,486642388,486644138,JRG,MAZOWIECKIE,grójecki,Grójec,Grójec,Strażacka 11,05-600,20.8626694444,51.8707111111,20.8626694444,51.8707111111
97,1606001,JRG Gryfice,913847720,913847720,JRG,ZACHODNIOPOMORSKIE,gryficki,Gryfice,Gryfice,Marszałka Józefa Piłsudskiego 17D,72-300,15.1961666667,53.9147222222,15.1961666667,53.9147222222
98,1607001,JRG Gryfino,914667180,914667180,JRG,ZACHODNIOPOMORSKIE,gryfiński,Gryfino,Gryfino,Łużycka 1,74-100,14.4897861111,53.2495527778,14.4897861111,53.2495527778
99,403001,JRG Gubin,683835076,684558230,JRG,LUBUSKIE,krośnieński,Gubin (gmina miejska),Gubin,Kołłątaja 22,66-620,14.7240333333,51.9453805556,14.7240333333,51.9453805556
100,1006002,JRG Hajnówka,477118160,477118151,JRG,PODLASKIE,hajnowski,Hajnówka (gmina miejska),Hajnówka,11 Listopada 4,17-200,23.5910416667,52.7438,23.5910416667,52.7438
101,1006001,JRG Hajnówka Posterunek Czeremcha, ,477118157,JRG,PODLASKIE,hajnowski,Czeremcha,Czeremcha,Boczna 14,17-240,23.3448555556,52.5062833333,23.3448555556,52.5062833333
102,308001,JRG Hrubieszów,846962655,846970998,JRG,LUBELSKIE,hrubieszowski,Hrubieszów (gmina miejska),Hrubieszów,Gródecka 36,22-500,23.9128694444,50.8043777778,23.9128694444,50.8043777778
103,1410001,JRG Iława, ,477329480,JRG,WARMIŃSKO-MAZURSKIE,iławski,Iława (gmina miejska),Iława,Kardynała Stefana Wyszyńskiego 10,14-200,19.5699583333,53.5892638889,19.5699583333,53.5892638889
104,309001,JRG Janów Lubelski, ,158725024,JRG,LUBELSKIE,janowski,Janów Lubelski,Janów Lubelski,Piłsudskiego 56,23-300,22.4138888889,50.7069444444,22.4138888889,50.7069444444
105,1508001,JRG Jarocin,477717515 wew.: 7515, ,JRG,WIELKOPOLSKIE,jarociński,Jarocin,Jarocin,Powstańców Wlkp. 2,63-200,17.4866666667,51.9580555556,17.4866666667,51.9580555556
106,905001,JRG Jarosław, ,166215685,JRG,PODKARPACKIE,jarosławski,Jarosław (gmina miejska),Jarosław,Morawska 2,37-500,22.7096027778,50.0030888889,22.7096027778,50.0030888889
107,906001,JRG Jasło,134435800,134435811,JRG,PODKARPACKIE,jasielski,Jasło (gmina miejska),Jasło,Mickiewicza 33,38-200,21.4645722222,49.7469083333,21.4645722222,49.7469083333
108,1213001,JRG Jastrzębie Zdrój, ,324759500,JRG,ŚLĄSKIE,Jastrzębie-Zdrój,Jastrzębie-Zdrój,Jastrzębie Zdrój,Jagiełły 4,44-330,18.5834,49.9382388889,18.5834,49.9382388889
109,107001,JRG Jawor,768702643,768711230 wew.: 110,JRG,DOLNOŚLĄSKIE,jaworski,Jawor,Jawor,Kościuszki 6,59-400,16.1954305556,51.0462055556,16.1954305556,51.0462055556
110,1214001,JRG Jaworzno,478510800,478510811,JRG,ŚLĄSKIE,Jaworzno,Jaworzno,Jaworzno,Krakowska 22,43-600,19.2851805556,50.1922222222,19.2851805556,50.1922222222
111,119001,JRG Jelcz Laskowice,713188162,713188162,JRG,DOLNOŚLĄSKIE,oławski,Jelcz-Laskowice,Jelcz Laskowice,Techników 2,55-220,17.3144222222,51.0266361111,17.3144222222,51.0266361111
112,1304001,JRG Jędrzejów,413861895,413861895,JRG,ŚWIĘTOKRZYSKIE,jędrzejowski,Jędrzejów,Jędrzejów,Reymonta 5,28-300,20.2850416667,50.6488666667,20.2850416667,50.6488666667
113,110001,JRG Kamienna Góra,757447701 wew.: 20,757447701 wew.: 30,JRG,DOLNOŚLĄSKIE,kamiennogórski,Kamienna Góra (gmina miejska),Kamienna Góra,Wałbrzyska 2c,58-400,16.0351694444,50.7884583333,16.0351694444,50.7884583333
114,1608001,JRG Kamień Pomorski,913275610, ,JRG,ZACHODNIOPOMORSKIE,kamieński,Kamień Pomorski,Kamień Pomorski,Wolińska 7 d,72-400,14.7757888889,53.9626472222,14.7757888889,53.9626472222
115,1106001,JRG Kartuzy,586944444,477418411,JRG,POMORSKIE,kartuski,Kartuzy,KARTUZY,3 Maja 16a,83-300,18.2042027778,54.3364083333,18.2042027778,54.3364083333
116,1305001,JRG Kazimierza Wielka,413521119,413521119,JRG,ŚWIĘTOKRZYSKIE,kazimierski,Kazimierza Wielka,Kazimierza Wielka,Kolejowa 142,28-500,20.4796027778,50.2790638889,20.4796027778,50.2790638889
117,1511001,JRG Kępno,477717710,477717711,JRG,WIELKOPOLSKIE,kępiński,Kępno,Kępno,Broniewskiego 12,63-600,17.9830277778,51.2814722222,17.9830277778,51.2814722222
118,1411001,JRG Kętrzyn,477329500,477329505,JRG,WARMIŃSKO-MAZURSKIE,kętrzyński,Kętrzyn (gmina miejska),Kętrzyn,Plac Słowiański 1a,11-400,21.3806583333,54.0753638889,21.3806583333,54.0753638889
119,806001,JRG Kluczbork,478616600,478616698,JRG,OPOLSKIE,kluczborski,Kluczbork,Kluczbork,Krakusa 1,46-200,18.2163888889,50.9755555556,18.2163888889,50.9755555556
120,1215001,JRG Kłobuck, ,343172265,JRG,ŚLĄSKIE,kłobucki,Kłobuck,Kłobuck,Częstochowska 45,42-100,18.9464333333,50.8982555556,18.9464333333,50.8982555556
121,111002,JRG Kłodzko,748657200,748657200,JRG,DOLNOŚLĄSKIE,kłodzki,Kłodzko (gmina miejska),Kłodzko,Traugutta 7,57-300,16.6497222222,50.4380555556,16.6497222222,50.4380555556
122,1212002,JRG Knurów,478510690,478510610,JRG,ŚLĄSKIE,gliwicki,Knurów,Knurów,1-go Maja 2a,44-190,18.6714916667,50.2227083333,18.6714916667,50.2227083333
123,907001,JRG Kolbuszowa, ,172271323,JRG,PODKARPACKIE,kolbuszowski,Kolbuszowa,Kolbuszowa,Piekarska 13,36-100,21.7767305556,50.2432083333,21.7767305556,50.2432083333
124,1007001,JRG Kolno,477118201,477118201,JRG,PODLASKIE,kolneński,Kolno (gmina miejska),Kolno,Strażacka 3,18-500,21.9335083333,53.4080444444,21.9335083333,53.4080444444
125,502002,JRG Koluszki,447256915,447256900,JRG,ŁÓDZKIE,łódzki wschodni,Koluszki,Koluszki,Słowackiego 28,95-040,19.8031666667,51.7451722222,19.8031666667,51.7451722222
126,1512001,JRG Koło, ,632720436,JRG,WIELKOPOLSKIE,kolski,Koło (gmina miejska),Koło,Toruńska 74,62-600,18.6285777778,52.2026333333,18.6285777778,52.2026333333
127,1609001,JRG Kołobrzeg,943551435,943551444,JRG,ZACHODNIOPOMORSKIE,kołobrzeski,Kołobrzeg (gmina miejska),Kołobrzeg,Żurawia 12 B,78-100,15.5526472222,54.1680777778,15.5526472222,54.1680777778
128,1209001,JRG Koniecpol, ,343551572,JRG,ŚLĄSKIE,częstochowski,Koniecpol,Koniecpol,Mickiewicza 40,42-230,19.6738,50.7759,19.6738,50.7759
129,1306001,JRG Końskie,413750030,413750030,JRG,ŚWIĘTOKRZYSKIE,konecki,Końskie,Końskie,Strażacka 14,26-200,20.4055111111,51.1911611111,20.4055111111,51.1911611111
130,402001,JRG Kostrzyn nad Odrą,957338482,957338482,JRG,LUBUSKIE,gorzowski,Kostrzyn nad Odrą,Kostrzyn nad Odrą,Gorzowska 1,66-470,14.6524555556,52.5871722222,14.6524555556,52.5871722222
131,1515001,JRG Kościan, ,477718015,JRG,WIELKOPOLSKIE,kościański,Kościan (gmina miejska),Kościan,Bączkowskiego 5a,64-000,16.6420305556,52.0885416667,16.6420305556,52.0885416667
132,1107001,JRG Kościerzyna,586863037,586863037,JRG,POMORSKIE,kościerski,Kościerzyna (gmina miejska),Kościerzyna,Traugutta 6,83-400,17.9752944444,54.1258333333,17.9752944444,54.1258333333
133,709001,JRG Kozienice,486117898,486117899,JRG,MAZOWIECKIE,kozienicki,Kozienice,Kozienice,Nowy Świat 3,26-900,21.5486194444,51.5828083333,21.5486194444,51.5828083333
134,807001,JRG Krapkowice,478616707,478616700,JRG,OPOLSKIE,krapkowicki,Krapkowice,Krapkowice,3 Maja 19,47-303,17.9751111111,50.4866111111,17.9751111111,50.4866111111
135,310001,JRG Krasnystaw,825763095,825760150,JRG,LUBELSKIE,krasnostawski,Krasnystaw (gmina miejska),Krasnystaw,Poniatowskiego 10,22-300,23.1716666667,50.9838888889,23.1716666667,50.9838888889
136,311001,JRG Kraśnik,818252281,818843608,JRG,LUBELSKIE,kraśnicki,Kraśnik (gmina miejska),Kraśnik,Obwodowa 1,23-200,22.2488277778,50.9274416667,22.2488277778,50.9274416667
137,909001,JRG Krosno,134366308,134366308,JRG,PODKARPACKIE,Krosno,Krosno,Krosno,Niepodległości 6,38-402,21.7691666667,49.6875,21.7691666667,49.6875
138,403002,JRG Krosno Odrzańskie,683830100,683835076,JRG,LUBUSKIE,krośnieński,Krosno Odrzańskie,Krosno Odrzańskie,Sienkiewicza 2a,66-600,15.0909666667,52.0584194444,15.0909666667,52.0584194444
139,1516001,JRG Krotoszyn, ,477718116,JRG,WIELKOPOLSKIE,krotoszyński,Krotoszyn,Krotoszyn,Mickiewicza 29,63-700,17.4349833333,51.6995944444,17.4349833333,51.6995944444
140,612001,JRG Krynica-Zdrój,478314993,478314991,JRG,MAŁOPOLSKIE,nowosądecki,Krynica-Zdrój,Krynica-Zdrój,Marszałka Józefa Piłsudskiego 56,33-380,20.954975,49.4271111111,20.954975,49.4271111111
141,504001,JRG Kutno,242510060,242510069,JRG,ŁÓDZKIE,kutnowski,Kutno (gmina miejska),Kutno,1-go Maja 7,99-300,19.3530638889,52.2322611111,19.3530638889,52.2322611111
142,1108001,JRG Kwidzyn, ,477415252,JRG,POMORSKIE,kwidzyński,Kwidzyn (gmina miejska),Kwidzyn,Sportowa 3,82-500,18.9357833333,53.7221166667,18.9357833333,53.7221166667
143,710001,JRG Legionowo,227742828,227742828,JRG,MAZOWIECKIE,legionowski,Legionowo,Legionowo,Jagiellońska 71A,05-120,20.9164333333,52.4086555556,20.9164333333,52.4086555556
144,925001,JRG Lesko,134696291,134696291,JRG,PODKARPACKIE,leski,Lesko,Lesko,Jana Pawła II 2,38-600,22.3238888889,49.475,22.3238888889,49.475
145,1517001,JRG Leszno,477718200 wew.: 8200,477718233 wew.: 8233,JRG,WIELKOPOLSKIE,Leszno,Leszno,Leszno,Okrężna 19,64-100,16.5918583333,51.8289361111,16.5918583333,51.8289361111
146,910001,JRG Leżajsk,172421459, ,JRG,PODKARPACKIE,leżajski,Leżajsk (gmina miejska),Leżajsk,Opalińskiego 6,37-300,22.4157444444,50.2631861111,22.4157444444,50.2631861111
147,1109001,JRG Lębork,598631598,477418652,JRG,POMORSKIE,lęborski,Lębork,Lębork,Stryjewskiego 37,84-300,17.7357555556,54.5448888889,17.7357555556,54.5448888889
148,1412001,JRG Lidzbark Warmiński,477329550,477329550,JRG,WARMIŃSKO-MAZURSKIE,lidzbarski,Lidzbark Warmiński (gmina miejska),Lidzbark Warmiński,Olsztyńska 8,11-100,20.5727472222,54.1221083333,20.5727472222,54.1221083333
149,608001,JRG Limanowa, ,478314771,JRG,MAŁOPOLSKIE,limanowski,Limanowa (gmina miejska),Limanowa,Matki Boskiej Bolesnej 43,34-600,20.43165,49.7037944444,20.43165,49.7037944444
150,212001,JRG Lipno, ,477513500,JRG,KUJAWSKO-POMORSKIE,lipnowski,Lipno (gmina miejska),Lipno,Sportowa 16a,87-600,19.1715527778,52.8523083333,19.1715527778,52.8523083333
151,711001,JRG Lipsko,483781108,483780108,JRG,MAZOWIECKIE,lipski,Lipsko,Lipsko,Partyzantów 3,27-300,21.6489305556,51.1604888889,21.6489305556,51.1604888889
152,911001,JRG Lubaczów, ,166322183,JRG,PODKARPACKIE,lubaczowski,Lubaczów (gmina miejska),Lubaczów,Sobieskiego 13,37-600,23.1331277778,50.1500555556,23.1331277778,50.1500555556
153,114001,JRG Lubań,757223128,757223809,JRG,DOLNOŚLĄSKIE,lubański,Lubań (gmina miejska),Lubań,Podwale 7,59-800,15.2912972222,51.1232388889,15.2912972222,51.1232388889
154,312001,JRG Lubartów,818553081,818546441,JRG,LUBELSKIE,lubartowski,Lubartów (gmina wiejska),Wincentów,112,21-100,22.5897333333,51.4824277778,22.5897333333,51.4824277778
155,115001,JRG Lubin,768461840,768461840,JRG,DOLNOŚLĄSKIE,lubiński,Lubin (gmina miejska),Lubin,Ścinawska 21,59-300,16.2158333333,51.3972222222,16.2158333333,51.3972222222
156,1216001,JRG Lubliniec, ,343513150,JRG,ŚLĄSKIE,lubliniecki,Lubliniec,Lubliniec,PCK 10,42-700,18.6770861111,50.682075,18.6770861111,50.682075
157,413001,JRG Lubsko,683725210,683630700,JRG,LUBUSKIE,żarski,Lubsko,Lubsko,Strażacka 1,68-300,14.9689861111,51.7875305556,14.9689861111,51.7875305556
158,116001,JRG Lwówek Śląski,757822222,757822222 wew.: 10,JRG,DOLNOŚLĄSKIE,lwówecki,Lwówek Śląski,Lwówek Śląski,Sikorskiego 2,59-600,15.5764333333,51.1121388889,15.5764333333,51.1121388889
159,912001,JRG Łańcut,694488702,172254606 wew.: 56,JRG,PODKARPACKIE,łańcucki,Łańcut (gmina miejska),Łańcut,Grunwaldzka 68,37-100,22.2335194444,50.0778944444,22.2335194444,50.0778944444
160,505001,JRG Łask,436752326,436753439,JRG,ŁÓDZKIE,łaski,Łask,Łask,Strażacka 2,98-100,19.1316666667,51.5941666667,19.1316666667,51.5941666667
161,313001,JRG Łęczna,817527520,817527530,JRG,LUBELSKIE,łęczyński,Łęczna,Łęczna,Przemysłowa 18,21-010,22.8700694444,51.2999194444,22.8700694444,51.2999194444
162,506001,JRG Łęczyca,247212632,247210115,JRG,ŁÓDZKIE,łęczycki,Łęczyca (gmina miejska),Łęczyca,Lotnicza 21E,99-100,19.1833083333,52.0442666667,19.1833083333,52.0442666667
163,1621001,JRG Łobez,913974026,913974026,JRG,ZACHODNIOPOMORSKIE,łobeski,Łobez,Łobez,Przemysłowa 2,73-150,15.6195833333,53.6445277778,15.6195833333,53.6445277778
164,1008001,JRG Łomża,477117404,862167769,JRG,PODLASKIE,Łomża,Łomża,Łomża,gen. Władysława Sikorskiego 48/94,18-400,22.0564194444,53.18135,22.0564194444,53.18135
165,712001,JRG Łosice, ,833572241,JRG,MAZOWIECKIE,łosicki,Łosice,Łosice,Kolejowa 2a,08-200,22.7106111111,52.2151777778,22.7106111111,52.2151777778
166,507001,JRG Łowicz,468302564,468302570,JRG,ŁÓDZKIE,łowicki,Łowicz (gmina miejska),Łowicz,Seminaryjna 4,99-400,19.9411111111,52.11635,19.9411111111,52.11635
167,314001,JRG Łuków,257982087 wew.: 131,257982087,JRG,LUBELSKIE,łukowski,Łuków (gmina miejska),Łuków,Partyzantów 6,21-400,22.3846722222,51.9252111111,22.3846722222,51.9252111111
168,713001,JRG Maków Mazowiecki, ,297171150,JRG,MAZOWIECKIE,makowski,Maków Mazowiecki,Maków Mazowiecki,Moniuszki 6a,06-200,21.0995694444,52.8634194444,21.0995694444,52.8634194444
169,1110001,JRG Malbork,552702120,552702139,JRG,POMORSKIE,malborski,Malbork (gmina miejska),Malbork,Józefa Wybickiego 1,82-200,19.0431694444,54.0284333333,19.0431694444,54.0284333333
170,304002,JRG Małaszewicze,833752488,833752488,JRG,LUBELSKIE,bialski,Terespol (gmina miejska),Małaszewicze,Kolejarzy 23,21-540,23.53505,52.0276277778,23.53505,52.0276277778
171,1102002,JRG Miastko,598572601,477418010,JRG,POMORSKIE,bytowski,Miastko,Miastko,Konstytucji 3 Maja 2A,77-200,16.9829722222,54.0024638889,16.9829722222,54.0024638889
172,609001,JRG Miechów,478317100,478317110,JRG,MAŁOPOLSKIE,miechowski,Miechów,Miechów,Racławicka 20,32-200,20.0397416667,50.3558194444,20.0397416667,50.3558194444
173,1519001,JRG Międzychód,477718315,477718398,JRG,WIELKOPOLSKIE,międzychodzki,Międzychód,Międzychód,Zewnętrzna 4,64-400,15.9005916667,52.6040722222,15.9005916667,52.6040722222
174,304001,JRG Międzyrzec Podlaski,833716232,833716232,JRG,LUBELSKIE,bialski,Międzyrzec Podlaski (gmina miejska),Międzyrzec Podlaski,Janusza Kusocińskiego 24,21-560,22.7768722222,51.9758722222,22.7768722222,51.9758722222
175,404001,JRG Międzyrzecz,957426620,957426620,JRG,LUBUSKIE,międzyrzecki,Międzyrzecz,Międzyrzecz,Rokitniańska 1,66-300,15.5777777778,52.4558333333,15.5777777778,52.4558333333
176,1217001,JRG Mikołów, ,323262310,JRG,ŚLĄSKIE,mikołowski,Mikołów,Mikołów,Konstantego Prusa 7,43-190,18.9031888889,50.1717305556,18.9031888889,50.1717305556
177,117001,JRG Milicz,713841338,713841338 wew.: 50,JRG,DOLNOŚLĄSKIE,milicki,Milicz,Milicz,Powstańców Wielkopolskich 3,56-300,17.2876638889,51.5197888889,17.2876638889,51.5197888889
178,714001,JRG Mińsk Mazowiecki,257585061,257585061,JRG,MAZOWIECKIE,miński,Mińsk Mazowiecki (gmina miejska),Mińsk Mazowiecki,Warszawska 120,05-300,21.5632805556,52.1809111111,21.5632805556,52.1809111111
179,715001,JRG Mława,236543385,236545368,JRG,MAZOWIECKIE,mławski,Mława,Mława,Padlewskiego 15,06-500,20.3841777778,53.1136916667,20.3841777778,53.1136916667
180,213001,JRG Mogilno, ,477513601,JRG,KUJAWSKO-POMORSKIE,mogileński,Mogilno,Mogilno,900-Lecia 3,88-300,17.9558333333,52.6588888889,17.9558333333,52.6588888889
181,1010001,JRG Mońki,477118251,477118251,JRG,PODLASKIE,moniecki,Mońki,Mońki,Mickiewicza 18,19-100,22.8018055556,53.4017222222,22.8018055556,53.4017222222
182,1417001,JRG Morąg,897572288,477329801,JRG,WARMIŃSKO-MAZURSKIE,ostródzki,Morąg,Morąg,Jagiełły 2,14-300,19.92875,53.9103333333,19.92875,53.9103333333
183,1413001,JRG Mrągowo,477329620,477329621,JRG,WARMIŃSKO-MAZURSKIE,mrągowski,Mrągowo (gmina miejska),Mrągowo,Oficerska 2a,11-700,21.3073166667,53.8641388889,21.3073166667,53.8641388889
184,1218001,JRG Mysłowice, ,478510930,JRG,ŚLĄSKIE,Mysłowice,Mysłowice,Mysłowice,Mikołowska 50 M,41-400,19.1194111111,50.2337805556,19.1194111111,50.2337805556
185,1219001,JRG Myszków,343131541,343131541,JRG,ŚLĄSKIE,myszkowski,Myszków,Myszków,Jana Pawła II 11,42-300,19.3344055556,50.5811055556,19.3344055556,50.5811055556
186,610001,JRG Myślenice, ,478317013,JRG,MAŁOPOLSKIE,myślenicki,Myślenice,Myślenice,Przemysłowa 9,32-400,19.953125,49.8315055556,19.953125,49.8315055556
187,1612002,JRG Myślibórz,957472096,957472097,JRG,ZACHODNIOPOMORSKIE,myśliborski,Myślibórz,Myślibórz,Lipowa 1B,74-300,14.8729694444,52.9255972222,14.8729694444,52.9255972222
188,214001,JRG Nakło nad Notecią, ,477513701,JRG,KUJAWSKO-POMORSKIE,nakielski,Nakło nad Notecią,Nakło nad Notecią,Strażacka 3,89-100,17.5938888889,53.1380555556,17.5938888889,53.1380555556
189,808001,JRG Namysłów,478616800,478616810,JRG,OPOLSKIE,namysłowski,Namysłów,Namysłów,Powstańców Śląskich 3,46-100,17.7206055556,51.0775333333,17.7206055556,51.0775333333
190,1414001,JRG Nidzica,477329650,477329661,JRG,WARMIŃSKO-MAZURSKIE,nidzicki,Nidzica,Nidzica,Kolejowa 9,13-100,20.4155555556,53.3561111111,20.4155555556,53.3561111111
191,914001,JRG Nisko,158412140,158414778,JRG,PODKARPACKIE,niżański,Nisko,Nisko,Nowa 42,37-400,22.1474444444,50.4983888889,22.1474444444,50.4983888889
192,923001,JRG Nowa Dęba, ,158465101,JRG,PODKARPACKIE,tarnobrzeski,Nowa Dęba,Nowa Dęba,Jana Szypowskiego 23,39-460,21.7304194444,50.4151222222,21.7304194444,50.4151222222
193,111003,JRG Nowa Ruda,748735300,748735300,JRG,DOLNOŚLĄSKIE,kłodzki,Nowa Ruda (gmina miejska),Nowa Ruda,Piłsudskiego 14 a,57-400,16.5026888889,50.5842583333,16.5026888889,50.5842583333
194,910002,JRG Nowa Sarzyna,172411466, ,JRG,PODKARPACKIE,leżajski,Nowa Sarzyna,Nowa Sarzyna,Chemików 5,37-310,22.3332416667,50.3285916667,22.3332416667,50.3285916667
195,405001,JRG Nowa Sól,683559280,683559290,JRG,LUBUSKIE,nowosolski,Nowa Sól (gmina miejska),Nowa Sól,Marszałka J.Piłsudskiego 65 A,67-100,15.7080111111,51.8109083333,15.7080111111,51.8109083333
196,1415001,JRG Nowe Miasto Lubawskie,477329700,477329700,JRG,WARMIŃSKO-MAZURSKIE,nowomiejski,Nowe Miasto Lubawskie (gmina miejska),Nowe Miasto Lubawskie,Szkolna 5 b,13-300,19.5938888889,53.4272222222,19.5938888889,53.4272222222
197,1111001,JRG Nowy Dwór Gdański,552473589,552472333,JRG,POMORSKIE,nowodworski,Nowy Dwór Gdański,Nowy Dwór Gdański,Warszawska 53,82-100,19.1376027778,54.2060138889,19.1376027778,54.2060138889
198,716001,JRG Nowy Dwór Mazowiecki,227753650,227658130,JRG,MAZOWIECKIE,nowodworski,Nowy Dwór Mazowiecki,Nowy Dwór Mazowiecki,Gospodarcza 1,05-100,20.7405166667,52.4318555556,20.7405166667,52.4318555556
199,613001,JRG Nowy Targ,478317270,478317210,JRG,MAŁOPOLSKIE,nowotarski,Nowy Targ (gmina miejska),Nowy Targ,Ludźmierska 111,34-400,19.9964694444,49.4651694444,19.9964694444,49.4651694444
200,1520001,JRG Nowy Tomyśl, ,477718410,JRG,WIELKOPOLSKIE,nowotomyski,Nowy Tomyśl,Nowy Tomyśl,Powstańców Wlkp.2a,64-300,16.1298888889,52.3188888889,16.1298888889,52.3188888889
201,701001,JRG nr   1 m.st.Warszawa,225967010,225967010,JRG,MAZOWIECKIE,Warszawa,Warszawa,Warszawa,Modlińska 15B,03-216,20.99875,52.2931944444,20.99875,52.2931944444
202,701002,JRG nr   2 m.st.Warszawa,225967020,225967020,JRG,MAZOWIECKIE,Warszawa,Warszawa,Warszawa,Marymoncka 89/91,02-473,20.8937194444,52.2097388889,20.8937194444,52.2097388889
203,701003,JRG nr   3 m.st.Warszawa,225967030,225967030,JRG,MAZOWIECKIE,Warszawa,Warszawa,Warszawa,Polna 1,00-622,21.0208333333,52.2138888889,21.0208333333,52.2138888889
204,701004,JRG nr   4 m.st.Warszawa,225967040,225967040,JRG,MAZOWIECKIE,Warszawa,Warszawa,Warszawa,Chłodna 3,00-891,20.9943777778,52.2382083333,20.9943777778,52.2382083333
205,701005,JRG nr   5 m.st.Warszawa,225967050,225967050,JRG,MAZOWIECKIE,Warszawa,Warszawa,Warszawa,Marcinkowskiego 2,03-722,21.0411111111,52.2480555556,21.0411111111,52.2480555556
206,701006,JRG nr   6 m.st.Warszawa,225967060,225967060,JRG,MAZOWIECKIE,Warszawa,Warszawa,Warszawa,Chrościckiego 76,02-473,20.8937194444,52.2097388889,20.8937194444,52.2097388889
207,701007,JRG nr   7 m.st.Warszawa,225967070,225967070,JRG,MAZOWIECKIE,Warszawa,Warszawa,Warszawa,Powstańców Śląskich 67,01-355,20.9140277778,52.2349444444,20.9140277778,52.2349444444
208,701008,JRG nr   8 m.st.Warszawa,225967080,225967080,JRG,MAZOWIECKIE,Warszawa,Warszawa,Warszawa,Majdańska 38/40,04-110,21.0930833333,52.2428611111,21.0930833333,52.2428611111
209,701009,JRG nr   9 m.st.Warszawa,225967090,225967090,JRG,MAZOWIECKIE,Warszawa,Warszawa,Warszawa,Domaniewska 40a,02-672,21.0041194444,52.1835555556,21.0041194444,52.1835555556
210,1001001,JRG nr 1 Białystok,477117207,477117207,JRG,PODLASKIE,Białystok,Białystok,Białystok,Warszawska 3,15-062,23.1675,53.1361111111,23.1675,53.1361111111
211,1203001,JRG nr 1 Bielsko-Biała,338122233 wew.: 100,338113847,JRG,ŚLĄSKIE,Bielsko-Biała,Bielsko-Biała,Bielsko Biała,Leszczyńska  43,43-300,19.0513888889,49.8040277778,19.0513888889,49.8040277778
212,205001,JRG nr 1 Bydgoszcz, ,477512310,JRG,KUJAWSKO-POMORSKIE,Bydgoszcz,Bydgoszcz,Bydgoszcz,Pomorska 16,85-050,18.0033361111,53.1287305556,18.0033361111,53.1287305556
213,1208001,JRG nr 1 Częstochowa, ,343635114,JRG,ŚLĄSKIE,Częstochowa,Częstochowa,Częstochowa,Rejtana 25/35,42-200,19.1350027778,50.7971222222,19.1350027778,50.7971222222
214,904001,JRG nr 1 Dębica,146812855,146812855,JRG,PODKARPACKIE,dębicki,Dębica (gmina miejska),Dębica,Poddęby 6a,39-200,21.4203694444,50.0491805556,21.4203694444,50.0491805556
215,1406001,JRG nr 1 Elbląg,477319370,477319398,JRG,WARMIŃSKO-MAZURSKIE,Elbląg,Elbląg,Elbląg,Łęczycka 19,82-300,19.4404222222,54.15595,19.4404222222,54.15595
216,1101001,JRG nr 1 Gdańsk, ,583477852,JRG,POMORSKIE,Gdańsk,Gdańsk,Gdańsk - Wrzeszcz,Partyzantów 34,80-251,18.6008333333,54.3780555556,18.6008333333,54.3780555556
217,1105001,JRG Nr 1 Gdynia Śródmieście, ,586602105,JRG,POMORSKIE,Gdynia,Gdynia,Gdynia,Władysława IV 12/14,81-353,18.5383444444,54.5219472222,18.5383444444,54.5219472222
218,401001,JRG nr 1 Gorzów Wielkopolski,957338492,957338492,JRG,LUBUSKIE,Gorzów Wielkopolski,Gorzów Wielkopolski,Gorzów Wielkopolski,Walczaka 108,66-400,15.2787194444,52.7657083333,15.2787194444,52.7657083333
219,209001,JRG nr 1 Grudziądz, ,477512400,JRG,KUJAWSKO-POMORSKIE,grudziądzki,Grudziądz,Grudziądz,Piłsudskiego 25/27,86-300,18.7576361111,53.4904333333,18.7576361111,53.4904333333
220,108001,JRG nr 1 Jelenia Góra,757678302,757647450 wew.: 04,JRG,DOLNOŚLĄSKIE,Jelenia Góra,Jelenia Góra,Jelenia Góra,Sokoliki 6,58-560,15.6998555556,50.8709861111,15.6998555556,50.8709861111
221,1509001,JRG nr 1 Kalisz, ,477717634 wew.: 7634,JRG,WIELKOPOLSKIE,Kalisz,Kalisz,Kalisz,Nowy Świat 40-42,62-800,18.0927777778,51.7522222222,18.0927777778,51.7522222222
222,1201001,JRG nr 1 Katowice, ,478510040,JRG,ŚLĄSKIE,Katowice,Katowice,Katowice,Krakowska 130,40-391,19.0898694444,50.2550527778,19.0898694444,50.2550527778
223,1301001,JRG nr 1 Kielce,413693010,413693621,JRG,ŚWIĘTOKRZYSKIE,Kielce,Kielce,Kielce,Sandomierska 81,25-324,20.6471722222,50.8709166667,20.6471722222,50.8709166667
224,1513001,JRG nr 1 Konin,603459597,477717930,JRG,WIELKOPOLSKIE,Konin,Konin,Konin,Przemysłowa 7,62-510,18.2677333333,52.2342416667,18.2677333333,52.2342416667
225,1610001,JRG nr 1 Koszalin, ,943455245 wew.: 245,JRG,ZACHODNIOPOMORSKIE,Koszalin,Koszalin,Koszalin,Monte Cassino 10,75-414,16.1913277778,54.1966222222,16.1913277778,54.1966222222
226,601001,JRG nr 1 Kraków,126168390,126168390,JRG,MAŁOPOLSKIE,Kraków,Kraków,Kraków,Westerplatte 19,31-033,19.9437555556,50.0597555556,19.9437555556,50.0597555556
227,112001,JRG nr 1 Legnica,767522112 wew.: 110, ,JRG,DOLNOŚLĄSKIE,Legnica,Legnica,Legnica,Witelona 2,59-220,16.1635083333,51.2065305556,16.1635083333,51.2065305556
228,501001,JRG nr 1 Łódź,426163801,426163801,JRG,ŁÓDZKIE,Łódź,Łódź,Łódź,Zgierska 47,91-446,19.4509166667,51.7892638889,19.4509166667,51.7892638889
229,611001,JRG nr 1 Nowy Sącz,478314974,478314971,JRG,MAŁOPOLSKIE,Nowy Sącz,Nowy Sącz,Nowy Sącz,Wincentego Witosa 69,33-300,20.6957583333,49.6376027778,20.6957583333,49.6376027778
230,1401001,JRG nr 1 Olsztyn,477319240,477319240,JRG,WARMIŃSKO-MAZURSKIE,Olsztyn,Olsztyn,Olsztyn,Niepodległości 16,10-045,20.4760583333,53.7721,20.4760583333,53.7721
231,801001,JRG nr 1 Opole,774002021 wew.: 2021,774002056 wew.: 2056,JRG,OPOLSKIE,Opole,Opole,Opole,Głogowska 24,45-315,17.9626333333,50.6642472222,17.9626333333,50.6642472222
232,1308001,JRG nr 1 Ostrowiec Świętokrzyski,412489435,478018355,JRG,ŚWIĘTOKRZYSKIE,ostrowiecki,Ostrowiec Świętokrzyski,Ostrowiec Świętokrzyski,Wardyńskiego 32,27-400,21.3925583333,50.9434111111,21.3925583333,50.9434111111
233,1524001,JRG nr 1 Piła, ,477718835 wew.: 8835,JRG,WIELKOPOLSKIE,pilski,Piła,Piła,Moniuszki 1,64-920,16.731125,53.15445,16.731125,53.15445
234,722001,JRG nr 1 Płock,243667468,243662540,JRG,MAZOWIECKIE,Płock,Płock,Płock,Narodowych Sił Zbrojnych 8,09-400,19.6975083333,52.5614694444,19.6975083333,52.5614694444
235,729001,JRG nr 1 Radom,483688998,483688927,JRG,MAZOWIECKIE,Radom,Radom,Radom,Romualda Traugutta 57,26-600,21.1486944444,51.3995555556,21.1486944444,51.3995555556
236,901001,JRG nr 1 Rzeszów,178523303,478217002,JRG,PODKARPACKIE,Rzeszów,Rzeszów,Rzeszów,Maurycego Mochnackiego 4,35-016,21.995825,50.0364333333,21.995825,50.0364333333
237,731001,JRG nr 1 Siedlce,256442413 wew.: 404, ,JRG,MAZOWIECKIE,Siedlce,Siedlce,Siedlce,Czerwonego Krzyża 45,08-110,22.2792722222,52.1758722222,22.2792722222,52.1758722222
238,1114001,JRG nr 1 Słupsk,598424001,598424001 wew.: 233,JRG,POMORSKIE,Słupsk,Słupsk,SŁUPSK,Rynek Rybacki 2,76-200,17.0363027778,54.4642888889,17.0363027778,54.4642888889
239,920001,JRG nr 1 Stalowa Wola,158426511,158426511,JRG,PODKARPACKIE,stalowowolski,Stalowa Wola,Stalowa Wola,Jana Pawła II 27,37-450,22.0590916667,50.577225,22.0590916667,50.577225
240,1014001,JRG nr 1 Suwałki,477117507,477117507,JRG,PODLASKIE,Suwałki,Suwałki,Suwałki,Mickiewicza 15a,16-400,22.9244444444,54.0983333333,22.9244444444,54.0983333333
241,1601001,JRG nr 1 Szczecin,914348400,914348413,JRG,ZACHODNIOPOMORSKIE,Szczecin,Szczecin,Szczecin,Grodzka 1/5,70-560,14.5532611111,53.4253944444,14.5532611111,53.4253944444
242,201001,JRG nr 1 Toruń, ,477512663,JRG,KUJAWSKO-POMORSKIE,Toruń,Toruń,Toruń,Legionów 70/76,87-100,18.6025166667,53.0251166667,18.6025166667,53.0251166667
243,221001,JRG nr 1 Włocławek, ,477512863,JRG,KUJAWSKO-POMORSKIE,Włocławek,Włocławek,Włocławek,Rolna 1,87-800,19.0442638889,52.6588,19.0442638889,52.6588
244,101001,JRG nr 1 Wrocław,713443817,713443817,JRG,DOLNOŚLĄSKIE,Wrocław,Wrocław,Wrocław,Teatralna 16-20,50-056,17.0363555556,51.1053916667,17.0363555556,51.1053916667
245,410001,JRG nr 1 Zielona Góra,684537440, ,JRG,LUBUSKIE,Zielona Góra,Zielona Góra,Zielona Góra,Kożuchowska 4,65-364,15.5076222222,51.9287972222,15.5076222222,51.9287972222
246,501010,JRG nr 10 Łódź,426163810,426163810,JRG,ŁÓDZKIE,Łódź,Łódź,Łódź,Pojezierska 92,91-341,19.4115277778,51.8002305556,19.4115277778,51.8002305556
247,701010,JRG nr 10 m.st.Warszawa,225967100,225967100,JRG,MAZOWIECKIE,Warszawa,Warszawa,Warszawa,Czarodzieja 19,03-116,20.9642583333,52.3341611111,20.9642583333,52.3341611111
248,501011,JRG nr 11 Łódź,426163811,426163811,JRG,ŁÓDZKIE,Łódź,Łódź,Łódź,Retkińska 129,94-004,19.4049555556,51.7443555556,19.4049555556,51.7443555556
249,701011,JRG nr 11 m.st.Warszawa,225967110,225967110,JRG,MAZOWIECKIE,Warszawa,Warszawa,Warszawa,Zgrupowania AK ""Kampinos"" 28,01-943,20.931675,52.2978,20.931675,52.2978
250,701012,JRG nr 12 m.st.Warszawa,225967120,225967120,JRG,MAZOWIECKIE,Warszawa,Warszawa,Warszawa,Tomaszowska 4,04-840,21.1940972222,52.1817388889,21.1940972222,52.1817388889
251,701013,JRG nr 13 m.st.Warszawa,225967130,225967130,JRG,MAZOWIECKIE,Warszawa,Warszawa,Warszawa,Strażacka 141,04-455,21.1580277778,52.2590972222,21.1580277778,52.2590972222
252,701014,JRG nr 14 m.st.Warszawa,225967140,225967140,JRG,MAZOWIECKIE,Warszawa,Warszawa,Warszawa,Obornicka 21,02-948,21.0834027778,52.1691388889,21.0834027778,52.1691388889
253,701015,JRG nr 15 m.st.Warszawa,225967150,225967150,JRG,MAZOWIECKIE,Warszawa,Warszawa,Warszawa,Młodzieńcza 5/7,03-655,21.0736111111,52.2875,21.0736111111,52.2875
254,701016,JRG nr 16 m.st.Warszawa,225967160,225967160,JRG,MAZOWIECKIE,Warszawa,Warszawa,Warszawa,Rynkowa 8,02-495,20.886125,52.1944444444,20.886125,52.1944444444
255,701017,JRG nr 17 m.st.Warszawa,225967170,225967170,JRG,MAZOWIECKIE,Warszawa,Warszawa,Warszawa,Filipiny Płaskowickiej 40,02-778,21.0369777778,52.1411972222,21.0369777778,52.1411972222
256,1001002,JRG nr 2 Białystok, ,477117254,JRG,PODLASKIE,Białystok,Białystok,Białystok,Generała Władysława Andersa 46,15-113,23.1563888889,53.1572222222,23.1563888889,53.1572222222
257,1203002,JRG nr 2 Bielsko-Biała,338122233 wew.: 194,338113847,JRG,ŚLĄSKIE,Bielsko-Biała,Bielsko-Biała,Bielsko Biała,Wapienicka 12,43-300,18.9888888889,49.8066666667,18.9888888889,49.8066666667
258,205002,JRG nr 2 Bydgoszcz, ,477512320,JRG,KUJAWSKO-POMORSKIE,Bydgoszcz,Bydgoszcz,Bydgoszcz,Produkcyjna 5,85-790,18.15915,53.1488166667,18.15915,53.1488166667
259,1208002,JRG nr 2 Częstochowa, ,343615521,JRG,ŚLĄSKIE,Częstochowa,Częstochowa,Częstochowa,Sikorskiego 82/94,42-200,19.0954,50.8186805556,19.0954,50.8186805556
260,904002,JRG nr 2 Dębica,146812855 wew.: 31,146812855 wew.: 31,JRG,PODKARPACKIE,dębicki,Dębica (gmina miejska),Dębica,Kwiatkowskiego 20,39-200,21.3839138889,50.0417083333,21.3839138889,50.0417083333
261,1407001,JRG nr 2 Elbląg, ,477319398,JRG,WARMIŃSKO-MAZURSKIE,Elbląg,Elbląg,Elbląg,Browarna 33,82-300,19.3972777778,54.1720805556,19.3972777778,54.1720805556
262,1101002,JRG nr 2 Gdańsk, ,583011334,JRG,POMORSKIE,Gdańsk,Gdańsk,Gdańsk - Śródmieście,Siennicka 30/40,80-741,18.6702777778,54.3544444444,18.6702777778,54.3544444444
263,1105002,JRG Nr 2 Gdynia Chylonia, ,586230222,JRG,POMORSKIE,Gdynia,Gdynia,Gdynia,Hutnicza 30,81-061,18.4627777778,54.5491222222,18.4627777778,54.5491222222
264,401002,JRG nr 2 Gorzów Wielkopolski,957338400,957338472,JRG,LUBUSKIE,Gorzów Wielkopolski,Gorzów Wielkopolski,Gorzów Wielkopolski,Dąbrowskiego 3,66-400,15.2376388889,52.7339,15.2376388889,52.7339
265,209002,JRG nr 2 Grudziądz, ,477512400,JRG,KUJAWSKO-POMORSKIE,Grudziądz,Grudziądz,Grudziądz,Strażacka 1,86-300,18.7286111111,53.4552777778,18.7286111111,53.4552777778
266,108002,JRG nr 2 Jelenia Góra,757647450,757647450,JRG,DOLNOŚLĄSKIE,Jelenia Góra,Jelenia Góra,Jelenia Góra,Sudecka 2,58-500,15.7368194444,50.9011583333,15.7368194444,50.9011583333
267,1509002,JRG nr 2 Kalisz, ,477717642 wew.: 7642,JRG,WIELKOPOLSKIE,Kalisz,Kalisz,Kalisz,Częstochowska 140,62-800,18.0974805556,51.7359916667,18.0974805556,51.7359916667
268,1201002,JRG nr 2 Katowice, ,478510055,JRG,ŚLĄSKIE,Katowice,Katowice,Katowice,Kościuszki Tadeusza 189,40-525,18.9705472222,50.2121305556,18.9705472222,50.2121305556
269,1301002,JRG nr 2 Kielce,413693010,413693622,JRG,ŚWIĘTOKRZYSKIE,Kielce,Kielce,Kielce,Robotnicza 18,25-662,20.62405,50.8881194444,20.62405,50.8881194444
270,1513002,JRG nr 2 Konin,665998887,477717940,JRG,WIELKOPOLSKIE,Konin,Konin,Konin,3-Maja 60,62-500,18.2525805556,52.2072944444,18.2525805556,52.2072944444
271,1610002,JRG nr 2 Koszalin, ,943455230 wew.: 230,JRG,ZACHODNIOPOMORSKIE,Koszalin,Koszalin,Koszalin,Strażacka 8,75-738,16.1930111111,54.1750472222,16.1930111111,54.1750472222
272,601002,JRG nr 2 Kraków,122663998,122663998,JRG,MAŁOPOLSKIE,Kraków,Kraków,Kraków,Rzemieślnicza 10,30-363,19.9358,50.0334611111,19.9358,50.0334611111
273,112002,JRG nr 2 Legnica,767522112, ,JRG,DOLNOŚLĄSKIE,Legnica,Legnica,Legnica,Sudecka 4,59-220,16.1994777778,51.2012416667,16.1994777778,51.2012416667
274,501002,JRG nr 2 Łódź,426163802,426163802,JRG,ŁÓDZKIE,Łódź,Łódź,Łódź,Legionów 4,90-401,19.4530861111,51.7758777778,19.4530861111,51.7758777778
275,611002,JRG nr 2 Nowy Sącz,478314983,478314981,JRG,MAŁOPOLSKIE,Nowy Sącz,Nowy Sącz,Nowy Sącz,Węgierska 188,33-300,20.663575,49.5870305556,20.663575,49.5870305556
276,1401002,JRG nr 2 Olsztyn,477319252,477319252,JRG,WARMIŃSKO-MAZURSKIE,Olsztyn,Olsztyn,Olsztyn,Zientary-Malewskiej 33,10-307,20.4992972222,53.789525,20.4992972222,53.789525
277,801002,JRG nr 2 Opole,774002000,774002061,JRG,OPOLSKIE,Opole,Opole,Opole,Budowlanych 1,45-005,17.9168083333,50.6747944444,17.9168083333,50.6747944444
278,1308002,JRG nr 2 Ostrowiec Świętokrzyski,412489435,478018385,JRG,ŚWIĘTOKRZYSKIE,ostrowiecki,Ostrowiec Świętokrzyski,Ostrowiec  Świętokrzyski,Boernera 1,27-400,21.3669888889,50.9278222222,21.3669888889,50.9278222222
279,1524002,JRG nr 2 Piła, ,477718840 wew.: 8840,JRG,WIELKOPOLSKIE,pilski,Piła,Piła,Lelewela 31,64-920,16.7799,53.1610916667,16.7799,53.1610916667
280,722002,JRG nr 2 Płock, ,242681510,JRG,MAZOWIECKIE,Płock,Płock,Płock,Popłacińska 8,09-402,19.6778277778,52.5290972222,19.6778277778,52.5290972222
281,729002,JRG nr 2 Radom, ,483447894,JRG,MAZOWIECKIE,Radom,Radom,Radom,Zofii Holszańskiej 1,26-600,21.1888555556,51.4204416667,21.1888555556,51.4204416667
282,901002,JRG nr 2 Rzeszów,178523540,478217002,JRG,PODKARPACKIE,Rzeszów,Rzeszów,Rzeszów,Hetmańska 120,35-078,21.9910833333,50.0173222222,21.9910833333,50.0173222222
283,731002,JRG nr 2 Siedlce,256330973,256442820 wew.: 504,JRG,MAZOWIECKIE,Siedlce,Siedlce,Siedlce,Składowa 7g,08-110,22.2804333333,52.1561611111,22.2804333333,52.1561611111
284,1114002,JRG nr 2 Słupsk,598417929,598424001 wew.: 233,JRG,POMORSKIE,Słupsk,Słupsk,SŁUPSK,Towarowa 9C,76-200,17.0363027778,54.4642888889,17.0363027778,54.4642888889
285,920002,JRG nr 2 Stalowa Wola,158448917 wew.: 15844,158448917 wew.: 15844,JRG,PODKARPACKIE,stalowowolski,Stalowa Wola,Stalowa Wola,Kwiatkowskiego 1 a,37-450,22.0465166667,50.5557,22.0465166667,50.5557
286,1014002,JRG nr 2 Suwałki,477117551,477117554,JRG,PODLASKIE,Suwałki,Suwałki,Suwałki,Witosa 10,16-400,22.9348194444,54.1182361111,22.9348194444,54.1182361111
287,1601002,JRG nr 2 Szczecin,914348400,914348420,JRG,ZACHODNIOPOMORSKIE,Szczecin,Szczecin,Szczecin,Andrzeja Struga 10a,70-784,14.6546888889,53.3831638889,14.6546888889,53.3831638889
288,201002,JRG nr 2 Toruń, ,566514021,JRG,KUJAWSKO-POMORSKIE,Toruń,Toruń,Toruń,Paderewskiego 4,87-100,18.5915722222,52.9909444444,18.5915722222,52.9909444444
289,221002,JRG nr 2 Włocławek, ,477512873,JRG,KUJAWSKO-POMORSKIE,Włocławek,Włocławek,Włocławek,Płocka 7a,87-800,19.0934777778,52.6554805556,19.0934777778,52.6554805556
290,101002,JRG nr 2 Wrocław,713281005,713281005,JRG,DOLNOŚLĄSKIE,Wrocław,Wrocław,Wrocław,Gdańska 11,50-344,17.0644861111,51.1171194444,17.0644861111,51.1171194444
291,410002,JRG nr 2 Zielona Góra,684583950, ,JRG,LUBUSKIE,Zielona Góra,Zielona Góra,Zielona Góra,Sulechowska 42,65-119,15.5231027778,51.9582083333,15.5231027778,51.9582083333
292,1001003,JRG nr 3 Białystok, ,698634162,JRG,PODLASKIE,Białystok,Białystok,Białystok,Przędzalniana 6d,15-688,23.0844444444,53.1572222222,23.0844444444,53.1572222222
293,205003,JRG nr 3 Bydgoszcz, ,477512330,JRG,KUJAWSKO-POMORSKIE,Bydgoszcz,Bydgoszcz,Bydgoszcz,Ludwikowo 5,85-514,17.9880277778,53.1386722222,17.9880277778,53.1386722222
294,1208003,JRG nr 3 Częstochowa, ,343242222,JRG,ŚLĄSKIE,Częstochowa,Częstochowa,Częstochowa,Strażacka 3,42-200,19.1286111111,50.8097222222,19.1286111111,50.8097222222
295,1101003,JRG nr 3 Gdańsk Orunia, ,583066634,JRG,POMORSKIE,Gdańsk,Gdańsk,Gdańsk - Orunia,Trakt Św. Wojciecha 253,80-026,18.6305555556,54.31,18.6305555556,54.31
296,1105003,JRG Nr 3 Gdynia Oksywie, ,586259998,JRG,POMORSKIE,Gdynia,Gdynia,Gdynia,Marynarska 14a,81-109,18.5494944444,54.5512944444,18.5494944444,54.5512944444
297,1201003,JRG nr 3 Katowice, ,478510000,JRG,ŚLĄSKIE,Katowice,Katowice,Katowice,Wojewódzka 11,40-026,19.0225305556,50.2560805556,19.0225305556,50.2560805556
298,1301003,JRG nr 3 Kielce,413693010,413693623,JRG,ŚWIĘTOKRZYSKIE,Kielce,Kielce,Kielce,Grunwaldzka 49,25-736,20.5996444444,50.8750333333,20.5996444444,50.8750333333
299,601003,JRG nr 3 Kraków,123714330,123714330,JRG,MAŁOPOLSKIE,Kraków,Kraków,Kraków,Zarzecze 106,30-134,19.8872305556,50.0756805556,19.8872305556,50.0756805556
300,501003,JRG nr 3 Łódź,426163803,426163803,JRG,ŁÓDZKIE,Łódź,Łódź,Łódź,Wólczańska 111/113,90-521,19.4533083333,51.7604416667,19.4533083333,51.7604416667
301,802001,JRG nr 3 Niemodlin,774023530,774023530,JRG,OPOLSKIE,opolski,Niemodlin,Niemodlin,Podwale 3,49-100,17.6183416667,50.6408472222,17.6183416667,50.6408472222
302,722003,JRG nr 3 Płock, ,243667890,JRG,MAZOWIECKIE,Płock,Płock,Płock,Armii Krajowej 62,09-409,19.7489388889,52.5438194444,19.7489388889,52.5438194444
303,729003,JRG nr 3 Radom,483846242,483322894,JRG,MAZOWIECKIE,Radom,Radom,Radom,Józefa Lipskiego 10,26-600,21.1086111111,51.3588888889,21.1086111111,51.3588888889
304,901003,JRG nr 3 Rzeszów,178700598,478217002,JRG,PODKARPACKIE,Rzeszów,Rzeszów,Rzeszów,Inwestycyjna 8,35-213,21.9456611111,50.0708277778,21.9456611111,50.0708277778
305,1601003,JRG nr 3 Szczecin,914348400,914348430,JRG,ZACHODNIOPOMORSKIE,Szczecin,Szczecin,Szczecin,Sebastiana Klonowica 4,71-241,14.4991583333,53.4507388889,14.4991583333,53.4507388889
306,201003,JRG nr 3 Toruń, ,477512680,JRG,KUJAWSKO-POMORSKIE,Toruń,Toruń,Toruń,Olsztyńska 6,87-100,18.6890277778,53.0310222222,18.6890277778,53.0310222222
307,1115001,JRG nr 3 Ustka,598144966,598424001 wew.: 233,JRG,POMORSKIE,słupski,Ustka (gmina miejska),Ustka,Darłowska 2a,76-270,16.8522388889,54.5809944444,16.8522388889,54.5809944444
308,101003,JRG nr 3 Wrocław,713432323,713432323,JRG,DOLNOŚLĄSKIE,Wrocław,Wrocław,Wrocław,Krakowska 40/42,50-425,17.059875,51.0941583333,17.059875,51.0941583333
309,1001004,JRG nr 4 Białystok, ,477117264,JRG,PODLASKIE,Białystok,Białystok,Białystok,Transportowa 6,15-399,23.1236111111,53.1122222222,23.1236111111,53.1122222222
310,205004,JRG nr 4 Bydgoszcz, ,477512340,JRG,KUJAWSKO-POMORSKIE,bydgoski,Białe Błota,Białe Błota,Łochowska 69,86-005,17.8983305556,53.1252166667,17.8983305556,53.1252166667
311,1302001,JRG nr 4 Chmielnik,413693010,413693624,JRG,ŚWIĘTOKRZYSKIE,kielecki,Chmielnik,Chmielnik,Przemysłowa 3,26-020,20.7618361111,50.6138111111,20.7618361111,50.6138111111
312,1101004,JRG nr 4 Gdańsk Nowe Szkoty, ,583012924,JRG,POMORSKIE,Gdańsk,Gdańsk,Gdańsk - Nowe Szkoty,Marynarki Polskiej 177,80-868,18.6391666667,54.3708333333,18.6391666667,54.3708333333
313,1105004,JRG Nr 4 Gdynia Wielki Kack, ,586692290,JRG,POMORSKIE,Gdynia,Gdynia,Gdynia,Krzemowa 4,81-577,18.4554083333,54.45765,18.4554083333,54.45765
314,601004,JRG nr 4 Kraków,126532365,126532365,JRG,MAŁOPOLSKIE,Kraków,Kraków,Kraków,Obrońców Modlina 2,30-733,20.0057083333,50.0376194444,20.0057083333,50.0376194444
315,501004,JRG nr 4 Łódź,426163804,426163804,JRG,ŁÓDZKIE,Łódź,Łódź,Łódź,Ossendowskiego 1/3,93-228,19.512225,51.7349722222,19.512225,51.7349722222
316,730001,JRG nr 4 Pionki,486124555,486124555,JRG,MAZOWIECKIE,radomski,Pionki (gmina miejska),Pionki,Zakładowa 3,26-670,21.4384444444,51.4670194444,21.4384444444,51.4670194444
317,1601004,JRG nr 4 Szczecin,914348400,914348440,JRG,ZACHODNIOPOMORSKIE,Szczecin,Szczecin,Szczecin,Nad Odrą 10,71-833,14.6142944444,53.5010722222,14.6142944444,53.5010722222
318,101004,JRG nr 4 Wrocław,713612419,713612419,JRG,DOLNOŚLĄSKIE,Wrocław,Wrocław,Wrocław,Grabiszyńska 259/263,53-234,16.9823416667,51.0954361111,16.9823416667,51.0954361111
319,1101005,JRG nr 5 Gdańsk Oliwa, ,587690500,JRG,POMORSKIE,Gdańsk,Gdańsk,GDAŃSK OLIWA,Beniowskiego 7,80-382,18.5780555556,54.4077777778,18.5780555556,54.4077777778
320,601005,JRG nr 5 Kraków,124155180,124155180,JRG,MAŁOPOLSKIE,Kraków,Kraków,Kraków,Kazimierza Wyki 3,31-223,19.9201111111,50.0917527778,19.9201111111,50.0917527778
321,501005,JRG nr 5 Łódź,426163805,426163805,JRG,ŁÓDZKIE,Łódź,Łódź,Łódź,Przybyszewskiego 60a,93-126,19.4792861111,51.7463472222,19.4792861111,51.7463472222
322,1601005,JRG nr 5 Szczecin,914348400,914808880,JRG,ZACHODNIOPOMORSKIE,Szczecin,Szczecin,Szczecin,Teofila Firlika 9/14,71-637,14.5743916667,53.4409972222,14.5743916667,53.4409972222
323,1002001,JRG nr 5 w Łapach, ,600307031,JRG,PODLASKIE,białostocki,Łapy,Łapy,Płonkowska 1A,18-100,22.8649666667,52.9842222222,22.8649666667,52.9842222222
324,101005,JRG nr 5 Wrocław,713253002,713253002,JRG,DOLNOŚLĄSKIE,Wrocław,Wrocław,Wrocław,Kasprowicza 68,51-137,17.0520805556,51.1382833333,17.0520805556,51.1382833333
325,1101006,JRG nr 6 Gdańsk, ,583089975,JRG,POMORSKIE,Gdańsk,Gdańsk,Gdańsk,Jabłoniowa 5,80-175,18.5729888889,54.3360666667,18.5729888889,54.3360666667
326,102001,JRG nr 6 Kąty Wrocławskie,713166156,713166156,JRG,DOLNOŚLĄSKIE,wrocławski,Kąty Wrocławskie,Kąty Wrocławskie,Kościuszki 17,55-080,16.7711972222,51.0287055556,16.7711972222,51.0287055556
327,601006,JRG nr 6 Kraków,126579995,126579995,JRG,MAŁOPOLSKIE,Kraków,Kraków,Kraków,Aleksandry 2,30-837,20.0158,50.0160583333,20.0158,50.0160583333
328,501006,JRG nr 6 Łódź,426163806,426163806,JRG,ŁÓDZKIE,Łódź,Łódź,Łódź,Rudzka 58/60,93-423,19.4352111111,51.7050694444,19.4352111111,51.7050694444
329,601007,JRG nr 7 Kraków,126165940,126165940,JRG,MAŁOPOLSKIE,Kraków,Kraków,Kraków,Rozrywka 26,31-419,19.9773611111,50.0940305556,19.9773611111,50.0940305556
330,501007,JRG nr 7 Łódź,426163807,426163807,JRG,ŁÓDZKIE,Łódź,Łódź,Łódź,Strażacka 2,93-318,19.4835555556,51.7175027778,19.4835555556,51.7175027778
331,101007,JRG nr 7 Wrocław,713584224,713584224,JRG,DOLNOŚLĄSKIE,Wrocław,Wrocław,Wrocław,Kosmonautów 274,54-042,16.8849388889,51.1438444444,16.8849388889,51.1438444444
332,501008,JRG nr 8 Łódź,426163808,426163808,JRG,ŁÓDZKIE,Łódź,Łódź,Łódź,Tamka 10,91-403,19.4891111111,51.7796444444,19.4891111111,51.7796444444
333,101008,JRG nr 8 Wrocław,713207062,713207061,JRG,DOLNOŚLĄSKIE,Wrocław,Wrocław,Wrocław,Ołbińska  21,50-233,17.0379777778,51.1239583333,17.0379777778,51.1239583333
334,501009,JRG nr 9 Łódź,426163809,426163809,JRG,ŁÓDZKIE,Łódź,Łódź,Łódź,Czołgistów 66,94-225,19.3878444444,51.7766361111,19.3878444444,51.7766361111
335,101009,JRG nr 9 Wrocław,713682296,713682296,JRG,DOLNOŚLĄSKIE,Wrocław,Wrocław,Wrocław,Borowska 138,50-552,17.0351277778,51.0818444444,17.0351277778,51.0818444444
336,1619001,JRG Nr1 Świnoujście,603224665, ,JRG,ZACHODNIOPOMORSKIE,Świnoujście,Świnoujście,Świnoujście,Piastowska 2a,72-600,14.2453111111,53.9103083333,14.2453111111,53.9103083333
337,1619002,JRG Nr2 Świnoujście,913275220, ,JRG,ZACHODNIOPOMORSKIE,Świnoujście,Świnoujście,Świnoujście,Norberta Barlickiego 18,72-602,14.2955166667,53.9020805556,14.2955166667,53.9020805556
338,809002,JRG Nysa,478616944,478616944,JRG,OPOLSKIE,nyski,Nysa,Nysa,Szopena 5,48-300,17.3292888889,50.4727194444,17.3292888889,50.4727194444
339,1521001,JRG Oborniki,477718515,477718510,JRG,WIELKOPOLSKIE,obornicki,Oborniki,Oborniki,11 Listopada 16,64-600,16.8200555556,52.6494166667,16.8200555556,52.6494166667
340,1416002,JRG Olecko,477329750,477329770,JRG,WARMIŃSKO-MAZURSKIE,olecki,Olecko,Olecko,Kolejowa 27a,19-400,22.5013305556,54.0340083333,22.5013305556,54.0340083333
341,810001,JRG Olesno, ,343509100,JRG,OPOLSKIE,oleski,Olesno,Olesno,Solny Rynek 1,46-300,18.4185805556,50.8762138889,18.4185805556,50.8762138889
342,118001,JRG Oleśnica,713142091,713142091,JRG,DOLNOŚLĄSKIE,oleśnicki,Oleśnica (gmina miejska),Oleśnica,Kopernika 4,56-400,17.4005555556,51.2141666667,17.4005555556,51.2141666667
343,614001,JRG Olkusz,478317371,478317312,JRG,MAŁOPOLSKIE,olkuski,Olkusz,Olkusz,1000-lecia 2c,32-300,19.5805555556,50.2694444444,19.5805555556,50.2694444444
344,119002,JRG Oława,713134045,713134045,JRG,DOLNOŚLĄSKIE,oławski,Oława (gmina miejska),Oława,Ks. Franciszka Kutrowskiego 20,55-200,17.2846361111,50.9485388889,17.2846361111,50.9485388889
345,1307001,JRG Opatów,158682071,158682071,JRG,ŚWIĘTOKRZYSKIE,opatowski,Opatów,Opatów,Kościuszki 39,27-500,21.4170222222,50.8090166667,21.4170222222,50.8090166667
346,508001,JRG Opoczno,446453200,446453210,JRG,ŁÓDZKIE,opoczyński,Opoczno,Opoczno,Rolna 1,26-300,20.2867861111,51.391625,20.2867861111,51.391625
347,315001,JRG Opole Lubelskie,818272008 wew.: 103,818272098,JRG,LUBELSKIE,opolski,Opole Lubelskie,Opole Lubelskie,Przemysłowa 25,24-300,21.9688888889,51.1472222222,21.9688888889,51.1472222222
348,1223002,JRG Orzegów, ,478517380,JRG,ŚLĄSKIE,Ruda Śląska,Ruda Śląska,Ruda Śląska,Kardynała Hlonda 39,41-712,18.8752777778,50.3227777778,18.8752777778,50.3227777778
349,717001,JRG Ostrołęka, ,297694410,JRG,MAZOWIECKIE,Ostrołęka,Ostrołęka,Ostrołęka,Celna 11,07-410,21.5921888889,53.0858777778,21.5921888889,53.0858777778
350,1417002,JRG Ostróda,477329811,477329801,JRG,WARMIŃSKO-MAZURSKIE,ostródzki,Ostróda (gmina miejska),Ostróda,Jana Stapińskiego 19 b,14-100,19.9658777778,53.70125,19.9658777778,53.70125
351,719001,JRG Ostrów Mazowiecka,297463200,297463200,JRG,MAZOWIECKIE,ostrowski,Ostrów Mazowiecka (gmina miejska),Ostrów Mazowiecka,11 Listopada 5,07-300,21.8947611111,52.8047305556,21.8947611111,52.8047305556
352,1522001,JRG Ostrów Wielkopolski, ,477718672 wew.: 8672,JRG,WIELKOPOLSKIE,ostrowski,Ostrów Wielkopolski (gmina miejska),Ostrów Wielkopolski,Stefana Batorego 21,63-400,17.7922111111,51.6599166667,17.7922111111,51.6599166667
353,1523001,JRG Ostrzeszów, ,477718715,JRG,WIELKOPOLSKIE,ostrzeszowski,Ostrzeszów,Ostrzeszów,Sportowa 9,63-500,17.9355194444,51.4238888889,17.9355194444,51.4238888889
354,615001,JRG Oświęcim,478317913,478317911,JRG,MAŁOPOLSKIE,oświęcimski,Oświęcim (gmina miejska),Oświęcim,Zatorska 2,32-600,19.2282555556,50.0279111111,19.2282555556,50.0279111111
355,720001,JRG Otwock,227181620,227181640,JRG,MAZOWIECKIE,otwocki,Otwock,Otwock,Mieszka I 13/15,05-402,21.2354527778,52.105775,21.2354527778,52.105775
356,523001,JRG Ozorków,427145577, ,JRG,ŁÓDZKIE,zgierski,Ozorków (gmina miejska),Ozorków,Kościuszki 3,95-035,19.2936361111,51.96545,19.2936361111,51.96545
357,509001,JRG Pabianice,422254300,422254321,JRG,ŁÓDZKIE,pabianicki,Pabianice (gmina miejska),Pabianice,Kilińskiego 4,95-200,19.3550638889,51.6632722222,19.3550638889,51.6632722222
358,809003,JRG Paczków,478616965,478616964,JRG,OPOLSKIE,nyski,Paczków,Paczków,Jagiellońska 6,48-370,17.0062083333,50.4605194444,17.0062083333,50.4605194444
359,510001,JRG Pajęczno,343111588,343114200,JRG,ŁÓDZKIE,pajęczański,Pajęczno,Pajęczno,Cmentarna 1,98-330,19.0033972222,51.1475083333,19.0033972222,51.1475083333
360,316001,JRG Parczew,833551954,833551955,JRG,LUBELSKIE,parczewski,Parczew,Parczew,Piwonia 12,21-200,22.9033916667,51.6438611111,22.9033916667,51.6438611111
361,1407002,JRG Pasłęk, ,477319398,JRG,WARMIŃSKO-MAZURSKIE,elbląski,Pasłęk,Pasłęk,Westerplatte 9A,14-400,19.6554055556,54.0616194444,19.6554055556,54.0616194444
362,721001,JRG Piaseczno,227567243,227567243 wew.: 101,JRG,MAZOWIECKIE,piaseczyński,Piaseczno,Piaseczno,Staszica 19,05-500,21.0346888889,52.06735,21.0346888889,52.06735
363,1220001,JRG Piekary Śląskie, ,322872124 wew.: 100,JRG,ŚLĄSKIE,Piekary Śląskie,Piekary Śląskie,Piekary Śląskie,Karola Miarki 14,41-940,18.9400888889,50.3730694444,18.9400888889,50.3730694444
364,1309001,JRG Pińczów,413572247,413573855,JRG,ŚWIĘTOKRZYSKIE,pińczowski,Pińczów,Pińczów,Przemysłowa 21,28-400,20.5218083333,50.5283083333,20.5218083333,50.5283083333
365,511001,JRG Piotrków Trybunalski,446473464,446490130,JRG,ŁÓDZKIE,Piotrków Trybunalski,Piotrków Trybunalski,Piotrków Trybunalski,Jagiellońska 11,97-300,19.694275,51.4034416667,19.694275,51.4034416667
366,1418001,JRG Pisz,874254104,874254100,JRG,WARMIŃSKO-MAZURSKIE,piski,Pisz,Pisz,Olsztyńska 40a,12-200,21.7933305556,53.6328777778,21.7933305556,53.6328777778
367,1525001,JRG Pleszew, wew.: 6,477718915,JRG,WIELKOPOLSKIE,pleszewski,Pleszew,Pleszew,Słowackiego 19,63-300,17.7810027778,51.8938,17.7810027778,51.8938
368,724001,JRG Płońsk,236527598,236527597,JRG,MAZOWIECKIE,płoński,Płońsk (gmina miejska),Płońsk,Sienkiewicza 9,09-100,20.3794833333,52.6307777778,20.3794833333,52.6307777778
369,513001,JRG Poddębice,436787510,436787510,JRG,ŁÓDZKIE,poddębicki,Poddębice,Poddębice,Narutowicza 3,99-200,18.9535222222,51.8923888889,18.9535222222,51.8923888889
370,1613001,JRG Police,914316800,914316800,JRG,ZACHODNIOPOMORSKIE,policki,Police,Police,Tanowska 4a,72-010,14.5576277778,53.5514527778,14.5576277778,53.5514527778
371,120001,JRG Polkowice,767249900 wew.: 76724,767249911 wew.: 76724,JRG,DOLNOŚLĄSKIE,polkowicki,Polkowice,Polkowice,Polna 3,59-100,16.0888194444,51.5066694444,16.0888194444,51.5066694444
372,616001,JRG Proszowice,123853170,478317413,JRG,MAŁOPOLSKIE,proszowicki,Proszowice,Proszowice,3-go Maja 140,32-100,20.30425,50.1914611111,20.30425,50.1914611111
373,811001,JRG Prudnik,478616110,478616110,JRG,OPOLSKIE,prudnicki,Prudnik,Prudnik,Legionów 12a,48-200,17.5673777778,50.3178055556,17.5673777778,50.3178055556
374,1112001,JRG Pruszcz Gdański,586835684,586823023,JRG,POMORSKIE,gdański,Pruszcz Gdański (gmina miejska),Pruszcz Gdański,Gdańska 1a,83-000,18.6390361111,54.2663916667,18.6390361111,54.2663916667
375,725001,JRG Pruszków,227586252,227586252,JRG,MAZOWIECKIE,pruszkowski,Pruszków,Pruszków,Staszica 4,05-800,20.7901166667,52.1643333333,20.7901166667,52.1643333333
376,726001,JRG Przasnysz,297522656,297526531,JRG,MAZOWIECKIE,przasnyski,Przasnysz (gmina miejska),Przasnysz,Baranowska 44,06-300,20.8948888889,53.0213888889,20.8948888889,53.0213888889
377,915001,JRG Przemyśl, ,166764600,JRG,PODKARPACKIE,przemyski,Przemyśl,Przemyśl,Pl. Św. Floriana 1,37-700,22.7777777778,49.7872222222,22.7777777778,49.7872222222
378,917001,JRG Przeworsk,166488233,166491180,JRG,PODKARPACKIE,przeworski,Przeworsk (gmina miejska),Przeworsk,Ignacego Krasickiego 7,37-200,22.4961638889,50.0605888889,22.4961638889,50.0605888889
379,727001,JRG Przysucha,486752055,486752055,JRG,MAZOWIECKIE,przysuski,Przysucha,Przysucha,Targowa 3,26-400,20.6238888889,51.3591388889,20.6238888889,51.3591388889
380,1221001,JRG Pszczyna,478518400,478518420,JRG,ŚLĄSKIE,pszczyński,Pszczyna,Pszczyna,Górnośląska 7,43-200,18.9573611111,49.9704944444,18.9573611111,49.9704944444
381,1113001,JRG Puck,586730451,586730450,JRG,POMORSKIE,pucki,Puck (gmina miejska),Puck,Mestwina 11,84-100,18.4063527778,54.7190861111,18.4063527778,54.7190861111
382,317001,JRG Puławy,818863447,818863447,JRG,LUBELSKIE,puławski,Puławy (gmina miejska),Puławy,Lubelska 51,24-100,21.9906527778,51.4149111111,21.9906527778,51.4149111111
383,728001,JRG Pułtusk, ,236921150,JRG,MAZOWIECKIE,pułtuski,Pułtusk,Pułtusk,Daszyńskiego 19,06-100,21.0861388889,52.6986,21.0861388889,52.6986
384,1614001,JRG Pyrzyce, ,915700555,JRG,ZACHODNIOPOMORSKIE,pyrzycki,Pyrzyce,Pyrzyce,Stargardzka 29,74-200,14.8919416667,53.1502694444,14.8919416667,53.1502694444
385,1212001,JRG Pyskowice,478510680,478510610,JRG,ŚLĄSKIE,gliwicki,Pyskowice,Pyskowice,Szpitalna 4,44-120,18.62315,50.3998472222,18.62315,50.3998472222
386,613002,JRG Rabka,478317280,478317210,JRG,MAŁOPOLSKIE,nowotarski,Rabka-Zdrój,Rabka - Zdrój,Marszałka Piłsudskiego 2A,34-700,19.9558194444,49.6126277778,19.9558194444,49.6126277778
387,1222001,JRG Racibórz,478518511,478518535,JRG,ŚLĄSKIE,raciborski,Racibórz,Racibórz,Władysława Reymonta 8,47-400,18.2188694444,50.0941777778,18.2188694444,50.0941777778
388,514001,JRG Radomsko,446859411,446859420,JRG,ŁÓDZKIE,radomszczański,Radomsko (gmina miejska),Radomsko,Żeromskiego 19,97-500,19.4440888889,51.0651777778,19.4440888889,51.0651777778
389,215001,JRG Radziejów,477513810,477513800,JRG,KUJAWSKO-POMORSKIE,radziejowski,Radziejów (gmina miejska),Radziejów,Szpitalna 17,88-200,18.5146611111,52.6148083333,18.5146611111,52.6148083333
390,1229002,JRG Radzionków,478518600, ,JRG,ŚLĄSKIE,tarnogórski,Radzionków,Radzionków.,Danielecka 2,41-922,18.8929888889,50.4030694444,18.8929888889,50.4030694444
391,318001,JRG Radzyń Podlaski,833527768,833527750,JRG,LUBELSKIE,radzyński,Radzyń Podlaski (gmina miejska),Radzyń Podlaski,Pomiarowa 1,21-300,22.6182638889,51.7909805556,22.6182638889,51.7909805556
392,515001,JRG Rawa Mazowiecka,468145662,468144027,JRG,ŁÓDZKIE,rawski,Rawa Mazowiecka (gmina miejska),Rawa Mazowiecka,Przemysłowa 2A,96-200,20.2474,51.7550583333,20.2474,51.7550583333
393,1526001,JRG Rawicz,477719013,477719015,JRG,WIELKOPOLSKIE,rawicki,Rawicz,Rawicz,Scherwentkego 13,63-900,16.8604638889,51.6063944444,16.8604638889,51.6063944444
394,918001,JRG Ropczyce,172210151,172218597,JRG,PODKARPACKIE,ropczycko-sędziszowski,Ropczyce,Ropczyce,Św.Floriana 6,39-100,21.6118611111,50.0516111111,21.6118611111,50.0516111111
395,1223001,JRG Ruda Śląska, ,478517360,JRG,ŚLĄSKIE,Ruda Śląska,Ruda Śląska,Ruda Śląska,Strażacka 10,41-710,18.8612638889,50.2669916667,18.8612638889,50.2669916667
396,1119001,JRG Rumia, ,586794712,JRG,POMORSKIE,wejherowski,Rumia,Rumia,Plac Kaszubski 1,84-230,18.3997222222,54.5786111111,18.3997222222,54.5786111111
397,1224001,JRG Rybnik,324395800,324395803,JRG,ŚLĄSKIE,Rybnik,Rybnik,Rybnik,Św. Józefa 4,44-200,18.5344305556,50.0961444444,18.5344305556,50.0961444444
398,1232003,JRG Rydułtowy, ,324578088,JRG,ŚLĄSKIE,wodzisławski,Rydułtowy,Rydułtowy,Traugutta 270,44-280,18.4161111111,50.0572222222,18.4161111111,50.0572222222
399,319001,JRG Ryki,818652020,818652020,JRG,LUBELSKIE,rycki,Ryki,Ryki,Lubelska 8 B,08-500,21.9421388889,51.616775,21.9421388889,51.616775
400,216001,JRG Rypin, ,477513901,JRG,KUJAWSKO-POMORSKIE,rypiński,Rypin (gmina miejska),Rypin,Strażacka 4,87-500,19.4363888889,53.0633333333,19.4363888889,53.0633333333
401,601054,JRG SA PSP Kraków, ,478359980,JRG,MAŁOPOLSKIE,Kraków,Kraków,Kraków,os.Zgody 18,31-951,20.0332583333,50.0774638889,20.0332583333,50.0774638889
402,1310001,JRG Sandomierz,504099376,158325055,JRG,ŚWIĘTOKRZYSKIE,sandomierski,Sandomierz,Sandomierz,Mickiewicza 61,27-600,21.725425,50.6895805556,21.725425,50.6895805556
403,919001,JRG Sanok,134658998,134658998,JRG,PODKARPACKIE,sanocki,Sanok (gmina miejska),Sanok,Wincentego Witosa 60,38-500,22.1667777778,49.5717777778,22.1667777778,49.5717777778
404,1011001,JRG Sejny,477118310,477118301,JRG,PODLASKIE,sejneński,Sejny (gmina miejska),Sejny,Strażacka 2,16-500,23.3513555556,54.1071611111,23.3513555556,54.1071611111
405,217001,JRG Sępólno Krajeńskie,523888350,477514001,JRG,KUJAWSKO-POMORSKIE,sępoleński,Sępólno Krajeńskie,Sępólno Krajeńskie,Sienkiewicza 54,89-400,17.5280472222,53.4477833333,17.5280472222,53.4477833333
406,701053,JRG SGSP m.st.Warszawa, ,225617633,JRG,MAZOWIECKIE,Warszawa,Warszawa,Warszawa,Słowackiego 52/54,01-629,20.9749805556,52.2718972222,20.9749805556,52.2718972222
407,1226001,JRG Siemianowice Śląskie,327668030,327668030 wew.: 100,JRG,ŚLĄSKIE,Siemianowice Śląskie,Siemianowice Śląskie,Siemianowice Śląskie,Pułaskiego 2,41-100,19.02405,50.3054083333,19.02405,50.3054083333
408,1012001,JRG Siemiatycze,477118351,477118351,JRG,PODLASKIE,siemiatycki,Siemiatycze (gmina miejska),Siemiatycze,11-go Listopada 31,17-300,22.8649972222,52.4250027778,22.8649972222,52.4250027778
409,516001,JRG Sieradz,438281060,438281080,JRG,ŁÓDZKIE,sieradzki,Sieradz (gmina miejska),Sieradz,"T. Grzesika, R. Piwnika 1",98-200,18.7063694444,51.5729611111,18.7063694444,51.5729611111
410,733001,JRG Sierpc, ,242752021,JRG,MAZOWIECKIE,sierpecki,Sierpc (gmina miejska),Sierpc,Przemysłowa 2,09-200,19.6717333333,52.8413027778,19.6717333333,52.8413027778
411,1311001,JRG Skarżysko Kamienna,478018524,412511757,JRG,ŚWIĘTOKRZYSKIE,skarżyski,Skarżysko-Kamienna,Skarżysko-Kamienna,1 Maja 101,26-110,20.8992194444,51.1186805556,20.8992194444,51.1186805556
412,602001,JRG Skawina,122763998,122763998,JRG,MAŁOPOLSKIE,krakowski,Skawina,Skawina,Piłsudskiego 79,32-050,19.7994111111,49.9683305556,19.7994111111,49.9683305556
413,517001,JRG Skierniewice,468333611,468333200,JRG,ŁÓDZKIE,Skierniewice,Skierniewice,Skierniewice,Aleja Macieja  Rataja 4,96-100,20.1589972222,51.955175,20.1589972222,51.955175
414,1207002,JRG Skoczów,478517160,478517191,JRG,ŚLĄSKIE,cieszyński,Skoczów,Skoczów,Cieszyńska 10,43-430,18.7866638889,49.8009111111,18.7866638889,49.8009111111
415,1615002,JRG Sławno, ,598103008,JRG,ZACHODNIOPOMORSKIE,sławieński,Sławno (gmina miejska),Sławno,Wojska Polskiego 19,76-100,16.6730472222,54.3651111111,16.6730472222,54.3651111111
416,406001,JRG Słubice,957507600,957507631,JRG,LUBUSKIE,słubicki,Słubice,Słubice,Konstytucji 3 Maja 79,69-100,14.5675,52.3544444444,14.5675,52.3544444444
417,1527001,JRG Słupca, ,477719110,JRG,WIELKOPOLSKIE,słupecki,Słupca (gmina miejska),Słupca,Ratajczaka 1,62-400,17.8748944444,52.2898583333,17.8748944444,52.2898583333
418,734001,JRG Sochaczew, ,468622517,JRG,MAZOWIECKIE,sochaczewski,Sochaczew (gmina miejska),Sochaczew,Stanisława Staszica  7,96-500,20.2387027778,52.2311111111,20.2387027778,52.2311111111
419,735001,JRG Sokołów Podlaski,257817009,257817009,JRG,MAZOWIECKIE,sokołowski,Sokołów Podlaski (gmina miejska),Sokołów Podlaski,Kolejowa 21,08-300,22.2296666667,52.4144166667,22.2296666667,52.4144166667
420,1013002,JRG Sokółka,857229900,857229900,JRG,PODLASKIE,sokólski,Sokółka,Sokółka,Plac Kościuszki 4,16-100,23.4969444444,53.4045555556,23.4969444444,53.4045555556
421,1013001,JRG Sokółka Posterunek Dąbrowa Bł., ,477118407,JRG,PODLASKIE,sokólski,Dąbrowa Białostocka,Dąbrowa Białostocka,1000 - lecia Państwa Polskiego 23,16-200,23.3539722222,53.6525,23.3539722222,53.6525
422,1116001,JRG Sopot,585558173 wew.: 173,585558170 wew.: 170,JRG,POMORSKIE,Sopot,Sopot,SOPOT,Armii Krajowej 105,81-824,18.5558333333,54.4433333333,18.5558333333,54.4433333333
423,1227001,JRG Sosnowiec Centrum,323631840,323631840,JRG,ŚLĄSKIE,Sosnowiec,Sosnowiec,Sosnowiec,Klimontowska 21,41-200,19.1529777778,50.2771777778,19.1529777778,50.2771777778
424,1227002,JRG Sosnowiec Porąbka,323630901,323630901,JRG,ŚLĄSKIE,Sosnowiec,Sosnowiec,Sosnowiec,Wiejska 160,41-219,19.2224388889,50.2925694444,19.2224388889,50.2925694444
425,205056,JRG SP PSP Bydgoszcz,523498400,523498455,JRG,KUJAWSKO-POMORSKIE,Bydgoszcz,Bydgoszcz,Bydgoszcz,Glinki 86,85-861,18.0332111111,53.1003194444,18.0332111111,53.1003194444
426,1312001,JRG Starachowice,412745389,412745389 wew.: 1299,JRG,ŚWIĘTOKRZYSKIE,starachowicki,Starachowice,Starachowice,Aleja Armii Krajowej 29,27-200,21.0739833333,51.0530138889,21.0739833333,51.0530138889
427,1616002,JRG Stargard,733775773,915788750,JRG,ZACHODNIOPOMORSKIE,stargardzki,Stargard (gmina miejska),Stargard,Księcia Bogusława IV nr 21,73-110,15.0378083333,53.3334583333,15.0378083333,53.3334583333
428,1117001,JRG Starogard Gdański,585623011,585601500,JRG,POMORSKIE,starogardzki,Starogard Gdański (gmina miejska),Starogard Gdański,Lubichowska 1,83-200,18.5276722222,53.9656277778,18.5276722222,53.9656277778
429,1313001,JRG Staszów,158642108,158642108,JRG,ŚWIĘTOKRZYSKIE,staszowski,Staszów,Staszów,Parkowa 4,28-200,21.1636111111,50.5622222222,21.1636111111,50.5622222222
430,523002,JRG Stryków,427145576, ,JRG,ŁÓDZKIE,zgierski,Stryków,Stryków,Targowa 19,95-010,19.6047222222,51.8975,19.6047222222,51.8975
431,407001,JRG Strzelce Krajeńskie,957639650,957639650,JRG,LUBUSKIE,strzelecko-drezdenecki,Strzelce Krajeńskie,Strzelce Krajeńskie,Wyzwolenia 7,66-500,15.5223666667,52.8809777778,15.5223666667,52.8809777778
432,812001,JRG Strzelce Opolskie, ,478616210,JRG,OPOLSKIE,strzelecki,Strzelce Opolskie,Strzelce Opolskie,Zakładowa 1,47-100,18.3112416667,50.5187666667,18.3112416667,50.5187666667
433,121001,JRG Strzelin,713921555,713921555,JRG,DOLNOŚLĄSKIE,strzeliński,Strzelin,Strzelin,Marii Konopnickiej 3,57-100,17.0796944444,50.7852222222,17.0796944444,50.7852222222
434,921001,JRG Strzyżów,172761001,172760088,JRG,PODKARPACKIE,strzyżowski,Strzyżów,Strzyżów,Sportowa 20,38-100,21.7736166667,49.8768277778,21.7736166667,49.8768277778
435,617001,JRG Sucha Beskidzka,478317500,478317513,JRG,MAŁOPOLSKIE,suski,Sucha Beskidzka,Sucha Beskidzka,Makowska 26,34-200,19.6190055556,49.7350555556,19.6190055556,49.7350555556
436,411001,JRG Sulechów,684544320, ,JRG,LUBUSKIE,zielonogórski,Sulechów,Sulechów,Licealna 10A,66-100,15.6297555556,52.0847861111,15.6297555556,52.0847861111
437,408001,JRG Sulęcin,957550050,957551436 wew.: 110,JRG,LUBUSKIE,sulęciński,Sulęcin,Sulęcin,E. Plater 8,69-200,15.11875,52.4413055556,15.11875,52.4413055556
438,118002,JRG Syców,627852500,627852500,JRG,DOLNOŚLĄSKIE,oleśnicki,Syców,Syców,Waryńskiego 2,56-500,17.7236111111,51.3091666667,17.7236111111,51.3091666667
439,1528001,JRG Szamotuły, , ,JRG,WIELKOPOLSKIE,szamotulski,Szamotuły,Szamotuły,Obornicka 10,64-500,16.5855555556,52.6138888889,16.5855555556,52.6138888889
440,324001,JRG Szczebrzeszyn,846807460,846821300,JRG,LUBELSKIE,zamojski,Szczebrzeszyn,Szczebrzeszyn,Partyzantów 35,22-460,22.9723388889,50.6976166667,22.9723388889,50.6976166667
441,1617001,JRG Szczecinek,943730750,943730750,JRG,ZACHODNIOPOMORSKIE,szczecinecki,Szczecinek (gmina miejska),Szczecinek,1-go Maja 61,78-400,16.69175,53.717,16.69175,53.717
442,1419001,JRG Szczytno,477329911,477329940,JRG,WARMIŃSKO-MAZURSKIE,szczycieński,Szczytno (gmina miejska),Szczytno,Sobieszczańskiego 2,12-100,20.9831472222,53.5577972222,20.9831472222,53.5577972222
443,412001,JRG Szprotawa, ,684324060,JRG,LUBUSKIE,żagański,Szprotawa,Szprotawa,Wiechlice ul. Nowa 13,67-300,15.5682027778,51.5585722222,15.5682027778,51.5585722222
444,1120001,JRG Sztum,477418920,477418920,JRG,POMORSKIE,sztumski,Sztum,Sztum,Sienkiewicza 27,82-400,19.0279833333,53.9279138889,19.0279833333,53.9279138889
445,214002,JRG Szubin, ,477513701,JRG,KUJAWSKO-POMORSKIE,nakielski,Szubin,Szubin,Sportowa 7,89-200,17.7225,52.9983333333,17.7225,52.9983333333
446,736001,JRG Szydłowiec,486178189,486171172,JRG,MAZOWIECKIE,szydłowiecki,Szydłowiec,Szydłowiec,Strażacka 3,26-500,20.8613888889,51.2244444444,20.8613888889,51.2244444444
447,1529001,JRG Śrem, ,477719315,JRG,WIELKOPOLSKIE,śremski,Śrem,Śrem,Grunwaldzka 23,63-100,17.0197888889,52.0782333333,17.0197888889,52.0782333333
448,122001,JRG Środa Śląska,713172212,713176982,JRG,DOLNOŚLĄSKIE,średzki,Środa Śląska,Środa Śląska,Kolejowa 45,55-300,16.5879666667,51.1763361111,16.5879666667,51.1763361111
449,1530001,JRG Środa Wielkopolska, , ,JRG,WIELKOPOLSKIE,średzki,Środa Wielkopolska,Środa Wielkopolska,Libelta 2 a,63-000,17.2847222222,52.2191666667,17.2847222222,52.2191666667
450,123001,JRG Świdnica,748518887, ,JRG,DOLNOŚLĄSKIE,świdnicki,Świdnica (gmina miejska),Świdnica,al. Niepodległości 8-10,58-100,16.4857444444,50.8402111111,16.4857444444,50.8402111111
451,320001,JRG Świdnik,817455580,817455580,JRG,LUBELSKIE,świdnicki,Świdnik,Świdnik,Al. Lotników Polskich 2,21-045,22.7014722222,51.2263472222,22.7014722222,51.2263472222
452,1618001,JRG Świdwin,943652481,943652481,JRG,ZACHODNIOPOMORSKIE,świdwiński,Świdwin (gmina miejska),Świdwin,Armii Krajowej 23,78-300,15.7804083333,53.7851166667,15.7804083333,53.7851166667
453,123002,JRG Świebodzice,748540030,748540030,JRG,DOLNOŚLĄSKIE,świdnicki,Świebodzice,Świebodzice,Wiejska 22C,58-160,16.312,50.8593138889,16.312,50.8593138889
454,409001,JRG Świebodzin,683822408,683822408,JRG,LUBUSKIE,świebodziński,Świebodzin,Świebodzin,Cegielniana 13,66-209,15.5297222222,52.2444444444,15.5297222222,52.2444444444
455,218001,JRG Świecie, ,477514101,JRG,KUJAWSKO-POMORSKIE,świecki,Świecie,Świecie,Mieczysława Petelskiego 1,86-100,18.4658694444,53.4126388889,18.4658694444,53.4126388889
456,1228001,JRG Świętochłowice,478517562,478517560,JRG,ŚLĄSKIE,Świętochłowice,Świętochłowice,Świętochłowice,Harcerska 16,41-600,18.9149055556,50.2958555556,18.9149055556,50.2958555556
457,922001,JRG Tarnobrzeg,158233568 wew.: 500,158233568 wew.: 500,JRG,PODKARPACKIE,Tarnobrzeg,Tarnobrzeg,Tarnobrzeg,Targowa 3,39-400,21.6734916667,50.5710777778,21.6734916667,50.5710777778
458,1229001,JRG Tarnowskie Góry,478518600, ,JRG,ŚLĄSKIE,tarnogórski,Tarnowskie Góry,Tarnowskie Góry,Górnicza 36,42-600,18.8549,50.4405,18.8549,50.4405
459,1118001,JRG Tczew,585304060,585304060,JRG,POMORSKIE,tczewski,Tczew (gmina miejska),Tczew,Lecha 11,83-110,18.791925,54.0873694444,18.791925,54.0873694444
460,321001,JRG Tomaszów Lubelski,846618000,846618020,JRG,LUBELSKIE,tomaszowski,Tomaszów Lubelski (gmina miejska),Tomaszów Lubelski,dr. Janusza Petera 7,22-600,23.4226777778,50.4440416667,23.4226777778,50.4440416667
461,519001,JRG Tomaszów Mazowiecki,447259126,447259106,JRG,ŁÓDZKIE,tomaszowski,Tomaszów Mazowiecki (gmina miejska),Tomaszów Mazowiecki,Warszawska 105,97-200,20.0148638889,51.5489138889,20.0148638889,51.5489138889
462,1504002,JRG Trzcianka, ,477717133,JRG,WIELKOPOLSKIE,czarnkowsko-trzcianecki,Trzcianka,Trzcianka,Broniewskiego 13,64-980,16.4555416667,53.0382361111,16.4555416667,53.0382361111
463,124001,JRG Trzebnica,713120788,713120851,JRG,DOLNOŚLĄSKIE,trzebnicki,Trzebnica,Trzebnica,B. Głowackiego 12,55-100,17.0582388889,51.3088388889,17.0582388889,51.3088388889
464,219001,JRG Tuchola, ,477514200,JRG,KUJAWSKO-POMORSKIE,tucholski,Tuchola,Tuchola,Sępoleńska 20,89-500,17.8566777778,53.5872916667,17.8566777778,53.5872916667
465,1531001,JRG Turek, ,477719515,JRG,WIELKOPOLSKIE,turecki,Turek (gmina miejska),Turek,Św. Floriana 2,62-700,18.4816,52.0161472222,18.4816,52.0161472222
466,1230001,JRG Tychy,322273023,323232450,JRG,ŚLĄSKIE,Tychy,Tychy,Tychy,aleja Niepodległości 230,43-100,19.0067805556,50.1095277778,19.0067805556,50.1095277778
467,1207003,JRG Ustroń,478517171,478517191,JRG,ŚLĄSKIE,cieszyński,Ustroń,Ustroń,Wczasowa 12,43-450,18.8359333333,49.6963388889,18.8359333333,49.6963388889
468,924002,JRG Ustrzyki Dolne,134608798,134611048,JRG,PODKARPACKIE,bieszczadzki,Ustrzyki Dolne,Ustrzyki Dolne,1 Maja 22,38-700,22.5863694444,49.4297361111,22.5863694444,49.4297361111
469,620002,JRG Wadowice, ,478317615,JRG,MAŁOPOLSKIE,wadowicki,Wadowice,Wadowice,Wojska Polskiego 2c,34-100,19.4926333333,49.8875555556,19.4926333333,49.8875555556
470,1620001,JRG Wałcz, ,672589471,JRG,ZACHODNIOPOMORSKIE,wałecki,Wałcz (gmina miejska),Wałcz,Genrała Władysława Andersa 20,78-600,16.4607055556,53.2631638889,16.4607055556,53.2631638889
471,220001,JRG Wąbrzeźno, ,477514301,JRG,KUJAWSKO-POMORSKIE,wąbrzeski,Wąbrzeźno,Wąbrzeźno,św. Floriana 6,87-200,18.971525,53.2720305556,18.971525,53.2720305556
472,1532001,JRG Wągrowiec, ,477719610 wew.: 9610,JRG,WIELKOPOLSKIE,wągrowiecki,Wągrowiec (gmina miejska),Wągrowiec,Przemysłowa 44,62-100,17.2119444444,52.8114333333,17.2119444444,52.8114333333
473,1119002,JRG Wejherowo,586776017,586776015,JRG,POMORSKIE,wejherowski,Wejherowo (gmina miejska),Wejherowo,Tartaczna 5,84-200,18.1999583333,54.6113805556,18.1999583333,54.6113805556
474,1421001,JRG Węgorzewo, ,874277520,JRG,WARMIŃSKO-MAZURSKIE,węgorzewski,Węgorzewo,Węgorzewo,Sienkiewicza 10,11-600,21.7457833333,54.2127416667,21.7457833333,54.2127416667
475,737001,JRG Węgrów,253081124,257925310,JRG,MAZOWIECKIE,węgrowski,Węgrów,Węgrów,Zwycięstwa 83,07-100,22.0316611111,52.3956444444,22.0316611111,52.3956444444
476,621001,JRG Wieliczka, ,478317716,JRG,MAŁOPOLSKIE,wielicki,Wieliczka,Wieliczka,Park Kingi 4,32-020,20.051775,49.9816666667,20.051775,49.9816666667
477,520001,JRG Wieluń,438434423,438411039,JRG,ŁÓDZKIE,wieluński,Wieluń,Wieluń,Wodna 1,98-300,18.5694194444,51.2234694444,18.5694194444,51.2234694444
478,521001,JRG Wieruszów,627841688,627841688,JRG,ŁÓDZKIE,wieruszowski,Wieruszów,Wieruszów,Bolesławiecka 10,98-400,18.1770722222,51.2815166667,18.1770722222,51.2815166667
479,322001,JRG Włodawa,825724652,825721008 wew.: 20,JRG,LUBELSKIE,włodawski,Włodawa (gmina miejska),Włodawa,Tysiąclecia PP 8,22-200,23.5517416667,51.5443333333,23.5517416667,51.5443333333
480,1314001,JRG Włoszczowa,413942998,413942998 wew.: 1411,JRG,ŚWIĘTOKRZYSKIE,włoszczowski,Włoszczowa,Włoszczowa,Sienkiewicza 45,29-100,19.9598,50.8546305556,19.9598,50.8546305556
481,1232001,JRG Wodzisław Śląski,324539393,324539380,JRG,ŚLĄSKIE,wodzisławski,Wodzisław Śląski,Wodzisław Śląski,Pszowska 68,44-300,18.4497222222,50.0055555556,18.4497222222,50.0055555556
482,614002,JRG Wolbrom,478317381,478317312,JRG,MAŁOPOLSKIE,olkuski,Wolbrom,Wolbrom,Brzozowska - brak numeru budynku,32-340,19.7841666667,50.3705555556,19.7841666667,50.3705555556
483,1533001,JRG Wolsztyn,477719713,477719798,JRG,WIELKOPOLSKIE,wolsztyński,Wolsztyn,Wolsztyn,Wschowska 17,64-200,16.1164972222,52.1144222222,16.1164972222,52.1144222222
484,738001,JRG Wołomin,227613340,227876460,JRG,MAZOWIECKIE,wołomiński,Wołomin,Wołomin,Sasina 15,05-200,21.227475,52.3470972222,21.227475,52.3470972222
485,127001,JRG Wołów,713892702,713892702 wew.: 38,JRG,DOLNOŚLĄSKIE,wołowski,Wołów,Wołów,Wojska Polskiego 38,56-100,16.6419444444,51.3347222222,16.6419444444,51.3347222222
486,1534001,JRG Września, ,477719811,JRG,WIELKOPOLSKIE,wrzesiński,Września,Września,Białęzyce 112,62-300,17.5399638889,52.309375,17.5399638889,52.309375
487,414001,JRG Wschowa, ,655402494,JRG,LUBUSKIE,wschowski,Wschowa,Wschowa,Kazimierza Wielkiego 6,67-400,16.315675,51.799375,16.315675,51.799375
488,1016001,JRG Wysokie Mazowieckie,477118452,477118451,JRG,PODLASKIE,wysokomazowiecki,Wysokie Mazowieckie (gmina miejska),Wysokie Mazowieckie,Mickiewicza 6,18-200,22.5141888889,52.9136833333,22.5141888889,52.9136833333
489,739001,JRG Wyszków,297425422,297425421,JRG,MAZOWIECKIE,wyszkowski,Wyszków,Wyszków,Strażacka 6,07-200,21.4577555556,52.5917611111,21.4577555556,52.5917611111
490,1233001,JRG Zabrze,323760990,322712020,JRG,ŚLĄSKIE,Zabrze,Zabrze,Zabrze,Stalmacha 22,41-800,18.7884861111,50.3092138889,18.7884861111,50.3092138889
491,622001,JRG Zakopane,478317871,478317810,JRG,MAŁOPOLSKIE,tatrzański,Zakopane,Zakopane,Nowotarska 45,34-500,19.9548583333,49.3016416667,19.9548583333,49.3016416667
492,1017001,JRG Zambrów, ,477118501,JRG,PODLASKIE,zambrowski,Zambrów (gmina miejska),Zambrów,Sadowa 4,18-300,22.2425027778,52.9871722222,22.2425027778,52.9871722222
493,323001,JRG Zamość,846807400,846807450,JRG,LUBELSKIE,Zamość,Zamość,Zamość,Przemysłowa 19,22-400,23.2607694444,50.72445,23.2607694444,50.72445
494,1234001,JRG Zawiercie,326721615,326721615,JRG,ŚLĄSKIE,zawierciański,Zawiercie,Zawiercie,Leśna 12,42-400,19.4347222222,50.4875,19.4347222222,50.4875
495,128001,JRG Ząbkowice Śląskie,748157371,748157371,JRG,DOLNOŚLĄSKIE,ząbkowicki,Ząbkowice Śląskie,Ząbkowice Śląskie,Waryńskiego 15,57-200,16.815125,50.6023527778,16.815125,50.6023527778
496,522001,JRG Zduńska Wola,438234181,438234182,JRG,ŁÓDZKIE,zduńskowolski,Zduńska Wola (gmina miejska),Zduńska Wola,Długa 4,98-220,18.9569444444,51.6000194444,18.9569444444,51.6000194444
497,523003,JRG Zgierz,427145575, ,JRG,ŁÓDZKIE,zgierski,Zgierz (gmina miejska),Zgierz,Łąkowa 6/8,95-100,19.4111111111,51.8527777778,19.4111111111,51.8527777778
498,129002,JRG Zgorzelec,757751145 wew.: 15, ,JRG,DOLNOŚLĄSKIE,zgorzelecki,Zgorzelec (gmina miejska),Zgorzelec,Bohaterów II Armii Wojska Polskiego 5C,59-900,15.0131666667,51.14925,15.0131666667,51.14925
499,130001,JRG Złotoryja,768783397,768783143,JRG,DOLNOŚLĄSKIE,złotoryjski,Złotoryja (gmina miejska),Złotoryja,Legnicka 49,59-500,15.9446444444,51.1347361111,15.9446444444,51.1347361111
500,1535001,JRG Złotów, ,477719998,JRG,WIELKOPOLSKIE,złotowski,Złotów (gmina miejska),Złotów,Domańskiego 48a,77-400,17.0453194444,53.3685194444,17.0453194444,53.3685194444
501,740001,JRG Zwoleń, ,486763034 wew.: 23,JRG,MAZOWIECKIE,zwoleński,Zwoleń,Zwoleń,Lubelska 6,26-700,21.587,51.3564611111,21.587,51.3564611111
502,412002,JRG Żagań,683681323,683681320,JRG,LUBUSKIE,żagański,Żagań (gmina miejska),Żagań,Nowogródzka 3,68-100,15.3249277778,51.6211194444,15.3249277778,51.6211194444
503,413002,JRG Żary,683630703,683630700,JRG,LUBUSKIE,żarski,Żary (gmina miejska),Żary,Serbska 58,68-200,15.1031611111,51.6329055556,15.1031611111,51.6329055556
504,223001,JRG Żnin, ,477514401,JRG,KUJAWSKO-POMORSKIE,żniński,Żnin,Żnin,Dąbrowskiego 14,88-400,17.7226666667,52.8505666667,17.7226666667,52.8505666667
